Workbook

Sheet 德国候选
A1: 德国 RNA PI 扩展候选库（104 位）
A2: 仅德国现任或有近期官方德国机构证据的独立PI/组长；RNA方向优先临床转化，同时覆盖感染、结构化学、计算单细胞与机制研究。检索日期：2026-07-22。
A4: 排名 | B4: 优先级 | C4: PI姓名 | D4: 城市 | E4: 机构 | F4: 当前职位/机构状态 | G4: 生涯阶段 | H4: 研究类型 | I4: 公开Email | J4: 邮箱可信度 | K4: 邮箱来源年份 | L4: RNA专注领域 | M4: 疾病/临床方向 | N4: 临床相关性 | O4: RNA匹配分 | P4: 临床匹配分 | Q4: 联系可信分 | R4: 证据质量分 | S4: 综合匹配分 | T4: 联系优先分 | U4: 代表性论文 | V4: 期刊 | W4: 发表年份 | X4: JIF | Y4: JIF年份 | Z4: 论文/DOI | AA4: JIF来源 | AB4: Email来源 | AC4: 实验室/官方页面 | AD4: OpenAlex | AE4: ORCID | AF4: 复核提示 | AG4: OpenAlex机构列表
A5: 1 | B5: =IF(T5>=95,"A-优先联系",IF(T5>=85,"B-重点关注","C-补充候选")) -> A-优先联系 | C5: Antoine-Emmanuel Saliba | D5: Würzburg | E5: Helmholtz Institute for RNA-based Infection Research | F5: 已核验（德国机构+官网来源） | G5: 成熟/资深PI | H5: 感染与RNA | I5: emmanuel.saliba@helmholtz-hiri.de | J5: 高（机构官网/官方名册） | K5: 2026 | L5: Single-cell RNA analysis of host-pathogen interactions | M5: infectious disease and immune response | N5: 高 | O5: 5 | P5: 5 | Q5: 2 | R5: 2 | S5: =O5*7+P5*7+Q5*10+R5*5 -> 100 | T5: =MIN(100,S5+IF(G5="青年/新组机会",5,0)) -> 100 | U5: Respiratory syncytial viral load drives ciliated cell dedifferentiation and suppresses antiviral immunity | V5: Science Advances | W5: 2026 | X5: 11.7 | Y5: 2024 | Z5: https://doi.org/10.1126/sciadv.aed4499 | AA5: https://www.science.org/journal/sciadv/about | AB5: https://www.helmholtz-hiri.de/fileadmin/HIRI/Research/RNA_Ecosystem/RNA_Faculty_Booklet_WS_2025_26_low.pdf | AC5: https://www.helmholtz-hiri.de/fileadmin/HIRI/Research/RNA_Ecosystem/RNA_Faculty_Booklet_WS_2025_26_low.pdf | AD5: https://openalex.org/A5083429758 | AE5: https://orcid.org/0000-0001-8539-2784 | AF5: 发送前仍建议复核实验室官网 | AG5: University of Würzburg | Centre National des Sciences et Technologies Nucléaires | Helmholtz Centre for Infection Research | Helmholtz Institute for RNA-based Infection Research
A6: 2 | B6: =IF(T6>=95,"A-优先联系",IF(T6>=85,"B-重点关注","C-补充候选")) -> A-优先联系 | C6: Carmen Aguilar | D6: Würzburg | E6: University of Wurzburg | F6: 已核验（德国机构+官网来源） | G6: 青年/新组机会 | H6: 感染与RNA | I6: carmen.aguilar@uni-wuerzburg.de | J6: 高（机构官网/官方名册） | K6: 2026 | L6: Host miRNA and single-cell RNA-seq in infection | M6: urinary tract and bacterial infection | N6: 高 | O6: 5 | P6: 5 | Q6: 2 | R6: 2 | S6: =O6*7+P6*7+Q6*10+R6*5 -> 100 | T6: =MIN(100,S6+IF(G6="青年/新组机会",5,0)) -> 100 | U6: Reprogramming of microRNA expression via E2F1 downregulation promotes Salmonella infection both in infected and bystander cells | V6: Nature Communications | W6: 2021 | X6: 18.1 | Y6: 2025 | Z6: https://doi.org/10.1038/s41467-021-23593-z | AA6: https://www.nature.com/ncomms/ncomms/journal-impact | AB6: https://www.helmholtz-hiri.de/fileadmin/HIRI/Research/RNA_Ecosystem/RNA_Faculty_Booklet_WS_2025_26_low.pdf | AC6: https://www.helmholtz-hiri.de/fileadmin/HIRI/Research/RNA_Ecosystem/RNA_Faculty_Booklet_WS_2025_26_low.pdf | AD6: https://openalex.org/A5018127362 | AE6: https://orcid.org/0000-0002-8437-9585 | AF6: 发送前仍建议复核实验室官网 | AG6: University of Würzburg
A7: 3 | B7: =IF(T7>=95,"A-优先联系",IF(T7>=85,"B-重点关注","C-补充候选")) -> A-优先联系 | C7: Dimitrios Papadopoulos | D7: Würzburg | E7: University of Wurzburg | F7: 已核验（德国机构+官网来源） | G7: 青年/新组机会 | H7: RNA机制实验 | I7: dimitrios.papadopoulos@uni-wuerzburg.de | J7: 高（机构官网/官方名册） | K7: 2026 | L7: Transcription and RNA-associated cancer dependencies | M7: cancer | N7: 高 | O7: 5 | P7: 5 | Q7: 2 | R7: 2 | S7: =O7*7+P7*7+Q7*10+R7*5 -> 100 | T7: =MIN(100,S7+IF(G7="青年/新组机会",5,0)) -> 100 | U7: The MYCN oncoprotein is an RNA-binding accessory factor of the nuclear exosome targeting complex | V7: Molecular Cell | W7: 2024 | X7: 16 | Y7: 2024 | Z7: https://doi.org/10.1016/j.molcel.2024.04.007 | AA7: https://www.cell.com/molecular-cell/home | AB7: https://www.helmholtz-hiri.de/fileadmin/HIRI/Research/RNA_Ecosystem/RNA_Faculty_Booklet_WS_2025_26_low.pdf | AC7: https://www.helmholtz-hiri.de/fileadmin/HIRI/Research/RNA_Ecosystem/RNA_Faculty_Booklet_WS_2025_26_low.pdf | AD7: https://openalex.org/A5090958693 | AE7: https://orcid.org/0000-0002-3415-7407 | AF7: 发送前仍建议复核实验室官网 | AG7: University of Würzburg | Universitätsklinikum Würzburg | St. George Hospital
A8: 4 | B8: =IF(T8>=95,"A-优先联系",IF(T8>=85,"B-重点关注","C-补充候选")) -> A-优先联系 | C8: Dominic Gruen | D8: Würzburg | E8: University of Wurzburg | F8: 已核验（德国机构+官网来源） | G8: 成熟/资深PI | H8: 计算/单细胞 | I8: dominic.gruen@uni-wuerzburg.de | J8: 高（机构官网/官方名册） | K8: 2026 | L8: Single-cell and spatial transcriptomics | M8: immune differentiation, disease and tissue damage | N8: 高 | O8: 5 | P8: 5 | Q8: 2 | R8: 2 | S8: =O8*7+P8*7+Q8*10+R8*5 -> 100 | T8: =MIN(100,S8+IF(G8="青年/新组机会",5,0)) -> 100 | U8: PS-032-Impact of antigen recognition on memory-like HCV-specific CD8+ T-cells | V8: Journal of Hepatology | W8: 2019 | X8: 26.8 | Y8: 2024 | Z8: https://doi.org/10.1016/s0618-8278(19)30038-6 | AA8: https://www.journal-of-hepatology.eu/ | AB8: https://www.helmholtz-hiri.de/fileadmin/HIRI/Research/RNA_Ecosystem/RNA_Faculty_Booklet_WS_2025_26_low.pdf | AC8: https://www.helmholtz-hiri.de/fileadmin/HIRI/Research/RNA_Ecosystem/RNA_Faculty_Booklet_WS_2025_26_low.pdf | AD8: https://openalex.org/A5029274483 | AF8: 发送前仍建议复核实验室官网；代表作标题未直接出现RNA关键词，研究方向仍属RNA范围 | AG8: Max Planck Institute of Immunobiology and Epigenetics
A9: s | B9: =IF(T9>=95,"A-优先联系",IF(T9>=85,"B-重点关注","C-补充候选")) -> A-优先联系 | C9: Franziska Faber | D9: Würzburg | E9: University of Wurzburg / HIRI | F9: 已核验（德国机构+官网来源） | G9: 成熟/资深PI | H9: 感染与RNA | I9: franziska.faber@uni-wuerzburg.de | J9: 高（机构官网/官方名册） | K9: 2026 | L9: Bacterial RNA regulation and virulence | M9: Clostridioides difficile infection and microbiota | N9: 高 | O9: 5 | P9: 5 | Q9: 2 | R9: 2 | S9: =O9*7+P9*7+Q9*10+R9*5 -> 100 | T9: =MIN(100,S9+IF(G9="青年/新组机会",5,0)) -> 100 | U9: The global RNA-binding protein RbpB is a regulator of polysaccharide utilization in Bacteroides thetaiotaomicron | V9: Nature Communications | W9: 2025 | X9: 18.1 | Y9: 2025 | Z9: https://doi.org/10.1038/s41467-024-55383-8 | AA9: https://www.nature.com/ncomms/ncomms/journal-impact | AB9: https://www.helmholtz-hiri.de/fileadmin/HIRI/Research/RNA_Ecosystem/RNA_Faculty_Booklet_WS_2025_26_low.pdf | AC9: https://www.helmholtz-hiri.de/fileadmin/HIRI/Research/RNA_Ecosystem/RNA_Faculty_Booklet_WS_2025_26_low.pdf | AD9: https://openalex.org/A5072398400 | AE9: https://orcid.org/0000-0002-8700-6522 | AF9: 发送前仍建议复核实验室官网 | AG9: University of Würzburg | Centre National des Sciences et Technologies Nucléaires | Helmholtz Centre for Infection Research | Helmholtz Institute for RNA-based Infection Research | Institute of Medical Microbiology and Hygiene
A10: 6 | B10: =IF(T10>=95,"A-优先联系",IF(T10>=85,"B-重点关注","C-补充候选")) -> A-优先联系 | C10: Jonathan Bohlen | D10: Munich | E10: LMU Gene Center | F10: 已核验（德国机构+官网来源） | G10: 青年/新组机会 | H10: RNA机制实验 | I10: j.bohlen@lmu.de | J10: 高（机构官网/官方名册） | K10: 2026 | L10: mRNA translation and tRNA biology in human immunity | M10: immunodeficiency and autoinflammatory disease | N10: 高 | O10: 5 | P10: 5 | Q10: 2 | R10: 2 | S10: =O10*7+P10*7+Q10*10+R10*5 -> 100 | T10: =MIN(100,S10+IF(G10="青年/新组机会",5,0)) -> 100 | U10: Autoantibodies against type I IFNs in humans with alternative NF-κB pathway deficiency | V10: Nature | W10: 2023 | X10: 48.5 | Y10: 2024 | Z10: https://doi.org/10.1038/s41586-023-06717-x | AA10: https://www.nature.com/nature/journal-impact | AB10: https://www.genzentrum.uni-muenchen.de/research-groups/bohlen/index.html | AC10: https://www.genzentrum.uni-muenchen.de/research-groups/bohlen/index.html | AD10: https://openalex.org/A5074184874 | AE10: https://orcid.org/0000-0003-0458-9484 | AF10: 发送前仍建议复核实验室官网 | AG10: Inserm | Université Paris Cité | LMU Klinikum | German Center for Pediatric and Adolescent Rheumatology | German Centre for Cardiovascular Research | Pediatrics and Genetics | Deutsches Herzzentrum München | Human Genetic of Infectious Diseases | Institut des Maladies Génétiques Imagine | Ludwig-Maximilians-Universität München
A11: 7 | B11: =IF(T11>=95,"A-优先联系",IF(T11>=85,"B-重点关注","C-补充候选")) -> A-优先联系 | C11: Julian Stingele | D11: Munich | E11: LMU Gene Center | F11: 已核验（德国机构+官网来源） | G11: 成熟/资深PI | H11: RNA机制实验 | I11: julian.stingele@lmu.de | J11: 高（机构官网/官方名册） | K11: 2026 | L11: RNA damage and RNA-protein crosslink repair | M11: cancer and ageing | N11: 高 | O11: 5 | P11: 5 | Q11: 2 | R11: 2 | S11: =O11*7+P11*7+Q11*10+R11*5 -> 100 | T11: =MIN(100,S11+IF(G11="青年/新组机会",5,0)) -> 100 | U11: Cellular responses to RNA damage | V11: Cell | W11: 2025 | X11: 42.5 | Y11: 2024 | Z11: https://doi.org/10.1016/j.cell.2025.01.005 | AA11: https://www.cell.com/cell/home | AB11: https://www.genzentrum.uni-muenchen.de/research-groups/stingele/index.html | AC11: https://www.genzentrum.uni-muenchen.de/research-groups/stingele/index.html | AD11: https://openalex.org/A5019471057 | AE11: https://orcid.org/0000-0001-6020-2075 | AF11: 发送前仍建议复核实验室官网 | AG11: Centre National des Sciences et Technologies Nucléaires | Ludwig-Maximilians-Universität München
A12: 8 | B12: =IF(T12>=95,"A-优先联系",IF(T12>=85,"B-重点关注","C-补充候选")) -> A-优先联系 | C12: Kathi Zarnack | D12: Würzburg | E12: University of Wurzburg | F12: 已核验（德国机构+官网来源） | G12: 成熟/资深PI | H12: 计算/单细胞 | I12: kathi.zarnack@uni-wuerzburg.de | J12: 高（机构官网/官方名册） | K12: 2026 | L12: Bioinformatics of RNA regulation, splicing and RNA decay | M12: cancer and human disease | N12: 高 | O12: 5 | P12: 5 | Q12: 2 | R12: 2 | S12: =O12*7+P12*7+Q12*10+R12*5 -> 100 | T12: =MIN(100,S12+IF(G12="青年/新组机会",5,0)) -> 100 | U12: An atlas of RNA-dependent proteins in cell division reveals the riboregulation of mitotic protein-protein interactions | V12: Nature Communications | W12: 2025 | X12: 18.1 | Y12: 2025 | Z12: https://doi.org/10.1038/s41467-025-57671-3 | AA12: https://www.nature.com/ncomms/ncomms/journal-impact | AB12: https://www.helmholtz-hiri.de/fileadmin/HIRI/Research/RNA_Ecosystem/RNA_Faculty_Booklet_WS_2025_26_low.pdf | AC12: https://www.helmholtz-hiri.de/fileadmin/HIRI/Research/RNA_Ecosystem/RNA_Faculty_Booklet_WS_2025_26_low.pdf | AD12: https://openalex.org/A5035728142 | AE12: https://orcid.org/0000-0003-3527-3378 | AF12: 发送前仍建议复核实验室官网 | AG12: University of Würzburg | Institute of Molecular Biology
A13: 9 | B13: =IF(T13>=95,"A-优先联系",IF(T13>=85,"B-重点关注","C-补充候选")) -> A-优先联系 | C13: Lorenz Meinel | D13: Würzburg | E13: University of Wurzburg | F13: 已核验（德国机构+官网来源） | G13: 成熟/资深PI | H13: 临床转化/治疗 | I13: lorenz.meinel@uni-wuerzburg.de | J13: 高（机构官网/官方名册） | K13: 2026 | L13: RNA delivery, biomaterials and pharmaceutics | M13: RNA therapeutics and drug delivery | N13: 高 | O13: 5 | P13: 5 | Q13: 2 | R13: 2 | S13: =O13*7+P13*7+Q13*10+R13*5 -> 100 | T13: =MIN(100,S13+IF(G13="青年/新组机会",5,0)) -> 100 | U13: Diagnosing peri-implant disease using the tongue as a 24/7 detector | V13: Nature Communications | W13: 2017 | X13: 18.1 | Y13: 2025 | Z13: https://doi.org/10.1038/s41467-017-00340-x | AA13: https://www.nature.com/ncomms/ncomms/journal-impact | AB13: https://www.helmholtz-hiri.de/fileadmin/HIRI/Research/RNA_Ecosystem/RNA_Faculty_Booklet_WS_2025_26_low.pdf | AC13: https://www.helmholtz-hiri.de/fileadmin/HIRI/Research/RNA_Ecosystem/RNA_Faculty_Booklet_WS_2025_26_low.pdf | AD13: https://openalex.org/A5001051737 | AE13: https://orcid.org/0000-0002-7549-7627 | AF13: 发送前仍建议复核实验室官网；代表作标题未直接出现RNA关键词，研究方向仍属RNA范围 | AG13: University of Würzburg | Helmholtz Institute for RNA-based Infection Research
A14: 10 | B14: =IF(T14>=95,"A-优先联系",IF(T14>=85,"B-重点关注","C-补充候选")) -> A-优先联系 | C14: Manja Marz | D14: Jena | E14: Friedrich Schiller University Jena | F14: 已核验（德国机构+官网来源） | G14: 成熟/资深PI | H14: 感染与RNA | I14: manja@uni-jena.de | J14: 高（机构官网/官方名册） | K14: 2026 | L14: RNA bioinformatics and virus transcriptomics | M14: viral infection and diagnostics | N14: 高 | O14: 5 | P14: 5 | Q14: 2 | R14: 2 | S14: =O14*7+P14*7+Q14*10+R14*5 -> 100 | T14: =MIN(100,S14+IF(G14="青年/新组机会",5,0)) -> 100 | U14: VirJenDB: a FAIR (meta)data and bioinformatics platform for all viruses | V14: Nucleic Acids Research | W14: 2025 | X14: 15 | Y14: 2025 | Z14: https://doi.org/10.1093/nar/gkaf1224 | AA14: https://academic.oup.com/nar/pages/about | AB14: https://www.rna.uni-jena.de/team/ | AC14: https://www.rna.uni-jena.de/team/ | AD14: https://openalex.org/A5041475009 | AE14: https://orcid.org/0000-0003-4783-8823 | AF14: 发送前仍建议复核实验室官网 | AG14: Jena Bioscience (Germany) | Leibniz Institute on Aging - Fritz Lipmann Institute (FLI) | Bioinformatics Institute | Friedrich Schiller University Jena
A15: 11 | B15: =IF(T15>=95,"A-优先联系",IF(T15>=85,"B-重点关注","C-补充候选")) -> A-优先联系 | C15: Marina Chekulaeva | D15: Berlin | E15: Max Delbruck Center | F15: 已核验（德国机构+官网来源） | G15: 成熟/资深PI | H15: RNA机制实验 | I15: marina.chekulaeva@mdc-berlin.de | J15: 高（机构官网/官方名册） | K15: 2026 | L15: Local RNA metabolism, translation and neuronal RNA | M15: ALS and neurodegeneration | N15: 高 | O15: 5 | P15: 5 | Q15: 2 | R15: 2 | S15: =O15*7+P15*7+Q15*10+R15*5 -> 100 | T15: =MIN(100,S15+IF(G15="青年/新组机会",5,0)) -> 100 | U15: Mechanistic insights into the basis of widespread RNA localization | V15: Nature Cell Biology | W15: 2024 | X15: 17.3 | Y15: 2024 | Z15: https://doi.org/10.1038/s41556-024-01444-5 | AA15: https://www.nature.com/ncb/journal-impact | AB15: https://www.mdc-berlin.de/de/chekulaeva | AC15: https://www.mdc-berlin.de/de/chekulaeva | AD15: https://openalex.org/A5070903529 | AE15: https://orcid.org/0000-0002-6868-7887 | AF15: 发送前仍建议复核实验室官网 | AG15: Max Delbrück Center
A16: 12 | B16: =IF(T16>=95,"A-优先联系",IF(T16>=85,"B-重点关注","C-补充候选")) -> A-优先联系 | C16: Roland Beckmann | D16: Munich | E16: LMU Gene Center | F16: 已核验（德国机构+官网来源） | G16: 成熟/资深PI | H16: 结构/化学生物学 | I16: r.beckmann@lmu.de | J16: 高（机构官网/官方名册） | K16: 2026 | L16: Ribosome structure, mRNA surveillance and translation quality control | M16: ribosomopathies and translation disorders | N16: 高 | O16: 5 | P16: 5 | Q16: 2 | R16: 2 | S16: =O16*7+P16*7+Q16*10+R16*5 -> 100 | T16: =MIN(100,S16+IF(G16="青年/新组机会",5,0)) -> 100 | U16: Sni445 recruits box C/D snoRNPs snR4 and snR45 to guide ribosomal RNA acetylation by Kre33 | V16: Nucleic Acids Research | W16: 2026 | X16: 15 | Y16: 2025 | Z16: https://doi.org/10.1093/nar/gkag030 | AA16: https://academic.oup.com/nar/pages/about | AB16: https://www.genzentrum.uni-muenchen.de/research-groups/beckmann/index.html | AC16: https://www.genzentrum.uni-muenchen.de/research-groups/beckmann/index.html | AD16: https://openalex.org/A5010441616 | AE16: https://orcid.org/0000-0003-4291-3898 | AF16: 发送前仍建议复核实验室官网 | AG16: Gene Therapy Laboratory | Ludwig-Maximilians-Universität München
A17: 13 | B17: =IF(T17>=95,"A-优先联系",IF(T17>=85,"B-重点关注","C-补充候选")) -> A-优先联系 | C17: Simone Backes | D17: Würzburg | E17: University of Wurzburg | F17: 已核验（德国机构+官网来源） | G17: 青年/新组机会 | H17: 感染与RNA | I17: simone.backes@uni-wuerzburg.de | J17: 高（机构官网/官方名册） | K17: 2026 | L17: RNA mechanisms in viral replication and host defense | M17: viral infection | N17: 高 | O17: 5 | P17: 5 | Q17: 2 | R17: 2 | S17: =O17*7+P17*7+Q17*10+R17*5 -> 100 | T17: =MIN(100,S17+IF(G17="青年/新组机会",5,0)) -> 100 | U17: Visualizing the transcription and replication of influenza A viral RNAs in cells by multiple direct RNA padlock probing and <i>in situ</i> sequencing (mudRapp-seq) | V17: Nucleic Acids Research | W17: 2025 | X17: 15 | Y17: 2025 | Z17: https://doi.org/10.1093/nar/gkaf461 | AA17: https://academic.oup.com/nar/pages/about | AB17: https://www.helmholtz-hiri.de/fileadmin/HIRI/Research/RNA_Ecosystem/RNA_Faculty_Booklet_WS_2025_26_low.pdf | AC17: https://www.helmholtz-hiri.de/fileadmin/HIRI/Research/RNA_Ecosystem/RNA_Faculty_Booklet_WS_2025_26_low.pdf | AD17: https://openalex.org/A5005739353 | AF17: 发送前仍建议复核实验室官网 | AG17: University of Würzburg
A18: 14 | B18: =IF(T18>=95,"A-优先联系",IF(T18>=85,"B-重点关注","C-补充候选")) -> A-优先联系 | C18: Utz Fischer | D18: Würzburg | E18: University of Wurzburg | F18: 已核验（德国机构+官网来源） | G18: 成熟/资深PI | H18: RNA机制实验 | I18: utz.fischer@biozentrum.uni-wuerzburg.de | J18: 高（机构官网/官方名册） | K18: 2026 | L18: RNA-protein complexes, splicing and RNP assembly | M18: neuromuscular disease and viral infection | N18: 高 | O18: 5 | P18: 5 | Q18: 2 | R18: 2 | S18: =O18*7+P18*7+Q18*10+R18*5 -> 100 | T18: =MIN(100,S18+IF(G18="青年/新组机会",5,0)) -> 100 | U18: Cooperative clamp-mediated promoter recognition by poxviral RNA polymerase and its TBP/TFIIB-like partner | V18: Nature Communications | W18: 2026 | X18: 18.1 | Y18: 2025 | Z18: https://doi.org/10.1038/s41467-026-69571-1 | AA18: https://www.nature.com/ncomms/ncomms/journal-impact | AB18: https://www.helmholtz-hiri.de/fileadmin/HIRI/Research/RNA_Ecosystem/RNA_Faculty_Booklet_WS_2025_26_low.pdf | AC18: https://www.helmholtz-hiri.de/fileadmin/HIRI/Research/RNA_Ecosystem/RNA_Faculty_Booklet_WS_2025_26_low.pdf | AD18: https://openalex.org/A5012562828 | AE18: https://orcid.org/0000-0002-1465-6591 | AF18: 发送前仍建议复核实验室官网 | AG18: University of Würzburg | Helmholtz Institute for RNA-based Infection Research
A19: 15 | B19: =IF(T19>=95,"A-优先联系",IF(T19>=85,"B-重点关注","C-补充候选")) -> A-优先联系 | C19: Matthew Kraushar | D19: Berlin | E19: Charite University Medicine Berlin | F19: 已核验（德国机构+官网来源） | G19: 青年/新组机会 | H19: RNA机制实验 | I19: matthew.kraushar@molgen.mpg.de | J19: 中（近期论文通讯邮箱） | K19: 2025 | L19: Local translation and RNA regulation in neurons | M19: neurodevelopment and neurological disease | N19: 高 | O19: 5 | P19: 5 | Q19: 1 | R19: 2 | S19: =O19*7+P19*7+Q19*10+R19*5 -> 90 | T19: =MIN(100,S19+IF(G19="青年/新组机会",5,0)) -> 95 | U19: Author Correction: A critical period of translational control during brain development at codon resolution | V19: Nature Structural & Molecular Biology | W19: 2025 | X19: 12.1 | Y19: 2024 | Z19: https://doi.org/10.1038/s41594-025-01675-6 | AA19: https://www.nature.com/nsmb/journal-impact | AB19: https://europepmc.org/articles/PMC12440796 | AC19: https://www.rnasociety.org/salons/current-rna-salons/ | AD19: https://openalex.org/A5014690413 | AE19: https://orcid.org/0000-0002-7359-0318 | AF19: 发送前需在机构官网复核 | AG19: Max Planck Institute for Molecular Genetics
A20: 16 | B20: =IF(T20>=95,"A-优先联系",IF(T20>=85,"B-重点关注","C-补充候选")) -> A-优先联系 | C20: Petra Beli | D20: Mainz | E20: Institute of Molecular Biology Mainz | F20: 已核验（德国机构+官网来源） | G20: 青年/新组机会 | H20: RNA机制实验 | I20: p.beli@imb-mainz.de | J20: 中（近期论文通讯邮箱） | K20: 2022 | L20: RNA damage responses and RNA-protein crosslinks | M20: cancer and ageing | N20: 高 | O20: 5 | P20: 5 | Q20: 1 | R20: 2 | S20: =O20*7+P20*7+Q20*10+R20*5 -> 90 | T20: =MIN(100,S20+IF(G20="青年/新组机会",5,0)) -> 95 | U20: The USP11/TCEAL1 complex promotes transcription elongation to sustain oncogenic gene expression in neuroblastoma | V20: Genes & Development | W20: 2025 | X20: 8 | Y20: 2024 | Z20: https://doi.org/10.1101/gad.352166.124 | AA20: https://genesdev.cshlp.org/site/misc/about.xhtml | AB20: https://europepmc.org/articles/PMC9723622 | AC20: https://imb.de/students-postdocs/international-phd-programme/apply-to-ipp/projects-offered | AD20: https://openalex.org/A5012146784 | AE20: https://orcid.org/0000-0001-9507-9820 | AF20: 发送前需在机构官网复核 | AG20: Johannes Gutenberg University Mainz | Institute of Molecular Biology
A21: 17 | B21: =IF(T21>=95,"A-优先联系",IF(T21>=85,"B-重点关注","C-补充候选")) -> A-优先联系 | C21: Katharina Papsdorf | D21: Mainz | E21: Institute of Molecular Biology Mainz | F21: 官网支持，数据库机构滞后—需复核 | G21: 青年/新组机会 | H21: RNA机制实验 | I21: katharina.papsdorf@tum.de | J21: 中低（较早论文通讯邮箱） | K21: 2015 | L21: RNA regulation and molecular mechanisms of ageing | M21: ageing and stress resilience | N21: 高 | O21: 5 | P21: 5 | Q21: 1 | R21: 2 | S21: =O21*7+P21*7+Q21*10+R21*5 -> 90 | T21: =MIN(100,S21+IF(G21="青年/新组机会",5,0)) -> 95 | U21: The CRTC-1 transcriptional domain is required for COMPASS complex-mediated longevity in C. elegans | V21: Nature Aging | W21: 2023 | X21: 17 | Y21: 2024 | Z21: https://doi.org/10.1038/s43587-023-00517-8 | AA21: https://www.nature.com/nataging/journal-impact | AB21: https://europepmc.org/articles/PMC4558792 | AC21: https://www.imb.de/ | AD21: https://openalex.org/A5073229910 | AE21: https://orcid.org/0000-0001-9873-7585 | AF21: 邮箱来源较早，必须复核；OpenAlex当前机构国家未直接匹配 | AG21: Stanford University
A22: 18 | B22: =IF(T22>=95,"A-优先联系",IF(T22>=85,"B-重点关注","C-补充候选")) -> B-重点关注 | C22: Irene Beusch | D22: Würzburg | E22: University of Wurzburg | F22: 官网支持，数据库机构滞后—需复核 | G22: 青年/新组机会 | H22: RNA机制实验 | I22: Irene.beusch@uni-wuerzburg.de | J22: 高（机构官网/官方名册） | K22: 2026 | L22: Mechanisms and regulation of RNA splicing | M22: splicing dysregulation in human disease | N22: 中 | O22: 5 | P22: 3 | Q22: 2 | R22: 2 | S22: =O22*7+P22*7+Q22*10+R22*5 -> 86 | T22: =MIN(100,S22+IF(G22="青年/新组机会",5,0)) -> 91 | U22: A highly sensitive protein-RNA cross-linking mass spectrometry workflow with enhanced structural modeling potential | V22: Nucleic Acids Research | W22: 2025 | X22: 15 | Y22: 2025 | Z22: https://doi.org/10.1093/nar/gkaf523 | AA22: https://academic.oup.com/nar/pages/about | AB22: https://www.helmholtz-hiri.de/fileadmin/HIRI/Research/RNA_Ecosystem/RNA_Faculty_Booklet_WS_2025_26_low.pdf | AC22: https://www.helmholtz-hiri.de/fileadmin/HIRI/Research/RNA_Ecosystem/RNA_Faculty_Booklet_WS_2025_26_low.pdf | AD22: https://openalex.org/A5035063516 | AE22: https://orcid.org/0000-0001-7758-4348 | AF22: 发送前仍建议复核实验室官网；OpenAlex当前机构国家未直接匹配 | AG22: ETH Zurich
A23: 19 | B23: =IF(T23>=95,"A-优先联系",IF(T23>=85,"B-重点关注","C-补充候选")) -> B-重点关注 | C23: Andre Fischer | D23: Göttingen | E23: German Center for Neurodegenerative Diseases / Goettingen | F23: 已核验（德国机构+官网来源） | G23: 成熟/资深PI | H23: RNA机制实验 | I23: andre.fischer@dzne.de | J23: 中（近期论文通讯邮箱） | K23: 2026 | L23: Non-coding RNA, epigenetics and neurodegeneration | M23: Alzheimer's disease and cognitive decline | N23: 高 | O23: 5 | P23: 5 | Q23: 1 | R23: 2 | S23: =O23*7+P23*7+Q23*10+R23*5 -> 90 | T23: =MIN(100,S23+IF(G23="青年/新组机会",5,0)) -> 90 | U23: The lincRNA <i>Pantr1</i> is a FOXG1 target gene conferring site-specific chromatin binding of FOXG1 | V23: Nucleic Acids Research | W23: 2025 | X23: 15 | Y23: 2025 | Z23: https://doi.org/10.1093/nar/gkaf539 | AA23: https://academic.oup.com/nar/pages/about | AB23: https://europepmc.org/articles/PMC13205658 | AC23: https://www.dzne.de | AD23: https://openalex.org/A5040773420 | AE23: https://orcid.org/0000-0001-8546-1161 | AF23: 发送前需在机构官网复核 | AG23: Institute of Molecular Biotechnology | Rolls-Royce (Germany) | Research Institute of Molecular Pathology | Firmenich (Switzerland) | German Primate Center | German Center for Neurodegenerative Diseases | Universitätsmedizin Göttingen | Nanoscale Microscopy and Molecular Physiology of the Brain Cluster of Excellence 171 — DFG Research Center 103 | Vienna Biocenter | University of Göttingen | Medical University of Vienna
A24: 20 | B24: =IF(T24>=95,"A-优先联系",IF(T24>=85,"B-重点关注","C-补充候选")) -> B-重点关注 | C24: Andrea Rentmeister | D24: Münster | E24: University of Muenster | F24: 已核验（德国机构+官网来源） | G24: 成熟/资深PI | H24: 结构/化学生物学 | I24: a.rentmeister@lmu.de | J24: 中（近期论文通讯邮箱） | K24: 2025 | L24: RNA chemical biology, labeling and mRNA engineering | M24: RNA therapeutics and diagnostics | N24: 高 | O24: 5 | P24: 5 | Q24: 1 | R24: 2 | S24: =O24*7+P24*7+Q24*10+R24*5 -> 90 | T24: =MIN(100,S24+IF(G24="青年/新组机会",5,0)) -> 90 | U24: MePMe-seq: antibody-free simultaneous m6A and m5C mapping in mRNA by metabolic propargyl labeling and sequencing | V24: Nature Communications | W24: 2023 | X24: 18.1 | Y24: 2025 | Z24: https://doi.org/10.1038/s41467-023-42832-z | AA24: https://www.nature.com/ncomms/ncomms/journal-impact | AB24: https://europepmc.org/articles/PMC12230757 | AC24: https://www.uni-muenster.de | AD24: https://openalex.org/A5063961340 | AE24: https://orcid.org/0000-0002-3107-4147 | AF24: 发送前需在机构官网复核 | AG24: Ludwig-Maximilians-Universität München
A25: 21 | B25: =IF(T25>=95,"A-优先联系",IF(T25>=85,"B-重点关注","C-补充候选")) -> B-重点关注 | C25: Andreas Beyer | D25: Cologne | E25: University of Cologne | F25: 已核验（德国机构+官网来源） | G25: 成熟/资深PI | H25: 计算/单细胞 | I25: abeyer@mcw.edu | J25: 中（近期论文通讯邮箱） | K25: 2026 | L25: Systems transcriptomics and gene regulation | M25: cancer and complex disease | N25: 高 | O25: 5 | P25: 5 | Q25: 1 | R25: 2 | S25: =O25*7+P25*7+Q25*10+R25*5 -> 90 | T25: =MIN(100,S25+IF(G25="青年/新组机会",5,0)) -> 90 | U25: Lymphoid gene expression supports neuroprotective microglia function | V25: Nature | W25: 2025 | X25: 48.5 | Y25: 2024 | Z25: https://doi.org/10.1038/s41586-025-09662-z | AA25: https://www.nature.com/nature/journal-impact | AB25: https://europepmc.org/articles/PMC12986413 | AC25: https://www.uni-koeln.de | AD25: https://openalex.org/A5022041947 | AE25: https://orcid.org/0000-0002-3891-2123 | AF25: 发送前需在机构官网复核 | AG25: University of Cologne | Medical College of Wisconsin | Cologne Excellence Cluster on Cellular Stress Responses in Aging Associated Diseases | University Hospital Cologne
A26: 22 | B26: =IF(T26>=95,"A-优先联系",IF(T26>=85,"B-重点关注","C-补充候选")) -> B-重点关注 | C26: Andreas Keller | D26: Saarbrücken | E26: Saarland University | F26: 已核验（OpenAlex德国机构） | G26: 成熟/资深PI | H26: 临床转化/治疗 | I26: andreas.keller@ccb.uni-saarland.de | J26: 中（近期论文通讯邮箱） | K26: 2026 | L26: miRNA biomarkers and clinical bioinformatics | M26: liquid biopsy and precision diagnostics | N26: 高 | O26: 5 | P26: 5 | Q26: 1 | R26: 2 | S26: =O26*7+P26*7+Q26*10+R26*5 -> 90 | T26: =MIN(100,S26+IF(G26="青年/新组机会",5,0)) -> 90 | U26: A single-cell atlas to map sex-specific gene-expression changes in blood upon neurodegeneration | V26: Nature Communications | W26: 2025 | X26: 18.1 | Y26: 2025 | Z26: https://doi.org/10.1038/s41467-025-56833-7 | AA26: https://www.nature.com/ncomms/ncomms/journal-impact | AB26: https://europepmc.org/articles/PMC12939772 | AD26: https://openalex.org/A5020280119 | AE26: https://orcid.org/0000-0002-5361-0895 | AF26: 发送前需在机构官网复核 | AG26: Helmholtz Institute for Pharmaceutical Research Saarland | Saarland University
A27: 23 | B27: =IF(T27>=95,"A-优先联系",IF(T27>=85,"B-重点关注","C-补充候选")) -> B-重点关注 | C27: Andreas Pichlmair | D27: Munich | E27: Technical University of Munich | F27: 已核验（德国机构+官网来源） | G27: 成熟/资深PI | H27: 感染与RNA | I27: andreas.pichlmair@tum.de | J27: 中（近期论文通讯邮箱） | K27: 2026 | L27: Viral RNA sensing and antiviral proteomics | M27: viral infection | N27: 高 | O27: 5 | P27: 5 | Q27: 1 | R27: 2 | S27: =O27*7+P27*7+Q27*10+R27*5 -> 90 | T27: =MIN(100,S27+IF(G27="青年/新组机会",5,0)) -> 90 | U27: HCR-Proxy resolves site-specific proximal RNA microenvironments at subcompartmental resolution | V27: Nucleic Acids Research | W27: 2026 | X27: 15 | Y27: 2025 | Z27: https://doi.org/10.1093/nar/gkag086 | AA27: https://academic.oup.com/nar/pages/about | AB27: https://europepmc.org/articles/PMC13156316 | AC27: https://www.virologie.med.tum.de | AD27: https://openalex.org/A5065431449 | AE27: https://orcid.org/0000-0002-0166-1367 | AF27: 发送前需在机构官网复核 | AG27: Helmholtz Zentrum München | Department of Virology | German Center for Infection Research | Institute of Virology of the Slovak Academy of Sciences | Technical University of Munich
A28: 24 | B28: =IF(T28>=95,"A-优先联系",IF(T28>=85,"B-重点关注","C-补充候选")) -> B-重点关注 | C28: Andreas Schlitzer | D28: Bonn | E28: University Hospital Bonn | F28: 已核验（德国机构+官网来源） | G28: 成熟/资深PI | H28: 计算/单细胞 | I28: andreas.schlitzer@uni-bonn.de | J28: 中（近期论文通讯邮箱） | K28: 2023 | L28: Single-cell RNA profiling of human immunity | M28: immune disease and infection | N28: 高 | O28: 5 | P28: 5 | Q28: 1 | R28: 2 | S28: =O28*7+P28*7+Q28*10+R28*5 -> 90 | T28: =MIN(100,S28+IF(G28="青年/新组机会",5,0)) -> 90 | U28: Alternating high-fat diet enhances atherosclerosis by neutrophil reprogramming | V28: Nature | W28: 2024 | X28: 48.5 | Y28: 2024 | Z28: https://doi.org/10.1038/s41586-024-07693-6 | AA28: https://www.nature.com/nature/journal-impact | AB28: https://europepmc.org/articles/PMC10081871 | AC28: https://www.ukbonn.de | AD28: https://openalex.org/A5088693540 | AE28: https://orcid.org/0000-0001-7662-3712 | AF28: 发送前需在机构官网复核 | AG28: University of Bonn
A29: 25 | B29: =IF(T29>=95,"A-优先联系",IF(T29>=85,"B-重点关注","C-补充候选")) -> B-重点关注 | C29: Beatrix Suess | D29: Darmstadt | E29: Technical University Darmstadt | F29: 已核验（德国机构+官网来源） | G29: 成熟/资深PI | H29: RNA机制实验 | I29: bsuess@bio.tu-darmstadt.de | J29: 中（近期论文通讯邮箱） | K29: 2026 | L29: RNA synthetic biology, riboswitches and RNA devices | M29: diagnostics and cell engineering | N29: 高 | O29: 5 | P29: 5 | Q29: 1 | R29: 2 | S29: =O29*7+P29*7+Q29*10+R29*5 -> 90 | T29: =MIN(100,S29+IF(G29="青年/新组机会",5,0)) -> 90 | U29: The interaction between the RNA aptamer Dap1 and DasR mirrors DNA operator site recognition in GntR repressors | V29: Nucleic Acids Research | W29: 2026 | X29: 15 | Y29: 2025 | Z29: https://doi.org/10.1093/nar/gkag489 | AA29: https://academic.oup.com/nar/pages/about | AB29: https://europepmc.org/articles/PMC13254537 | AC29: https://www.tu-darmstadt.de | AD29: https://openalex.org/A5076651173 | AE29: https://orcid.org/0000-0001-8666-6716 | AF29: 发送前需在机构官网复核 | AG29: Technische Universität Darmstadt
A30: 26 | B30: =IF(T30>=95,"A-优先联系",IF(T30>=85,"B-重点关注","C-补充候选")) -> B-重点关注 | C30: Christoph Dieterich | D30: Heidelberg | E30: Heidelberg University | F30: 已核验（德国机构+官网来源） | G30: 成熟/资深PI | H30: 计算/单细胞 | I30: christoph.dieterich@uni-heidelberg.de | J30: 中（近期论文通讯邮箱） | K30: 2025 | L30: Computational RNA biology and transcriptomics | M30: cardiovascular and genetic disease | N30: 高 | O30: 5 | P30: 5 | Q30: 1 | R30: 2 | S30: =O30*7+P30*7+Q30*10+R30*5 -> 90 | T30: =MIN(100,S30+IF(G30="青年/新组机会",5,0)) -> 90 | U30: The two-step purification method ViREn identifies a single NSUN6-mediated 5-methylcytosine modification promoting dengue virus RNA genome turnover | V30: Nucleic Acids Research | W30: 2026 | X30: 15 | Y30: 2025 | Z30: https://doi.org/10.1093/nar/gkag003 | AA30: https://academic.oup.com/nar/pages/about | AB30: https://europepmc.org/articles/PMC12552086 | AC30: https://www.uni-heidelberg.de | AD30: https://openalex.org/A5083154676 | AE30: https://orcid.org/0000-0001-9468-6311 | AF30: 发送前需在机构官网复核 | AG30: Heidelberg University | University Hospital Heidelberg | German Center for Infection Research | German Centre for Cardiovascular Research | Integrative Medicine Institute | Klaus Tschira Foundation | Heidelberg University
A31: 27 | B31: =IF(T31>=95,"A-优先联系",IF(T31>=85,"B-重点关注","C-补充候选")) -> B-重点关注 | C31: Daniel Wilson | D31: Hamburg | E31: University of Hamburg | F31: 已核验（德国机构+官网来源） | G31: 成熟/资深PI | H31: 感染与RNA | I31: daniel.wilson@uni-hamburg.de | J31: 中（近期论文通讯邮箱） | K31: 2026 | L31: Ribosome structure and translation in infection | M31: antibiotics and infectious disease | N31: 高 | O31: 5 | P31: 5 | Q31: 1 | R31: 2 | S31: =O31*7+P31*7+Q31*10+R31*5 -> 90 | T31: =MIN(100,S31+IF(G31="青年/新组机会",5,0)) -> 90 | U31: A natural depsipeptide antibiotic binds the E-site of the bacterial ribosome | V31: Nature | W31: 2026 | X31: 48.5 | Y31: 2024 | Z31: https://doi.org/10.1038/s41586-026-10589-2 | AA31: https://www.nature.com/nature/journal-impact | AB31: https://europepmc.org/articles/PMC13233979 | AC31: https://www.uni-hamburg.de | AD31: https://openalex.org/A5003327550 | AE31: https://orcid.org/0000-0003-3816-3828 | AF31: 发送前需在机构官网复核 | AG31: Universität Hamburg | Hamburg Institut (Germany)
A32: 28 | B32: =IF(T32>=95,"A-优先联系",IF(T32>=85,"B-重点关注","C-补充候选")) -> B-重点关注 | C32: Dorothee Dormann | D32: Mainz | E32: Johannes Gutenberg University Mainz | F32: 已核验（德国机构+官网来源） | G32: 成熟/资深PI | H32: RNA机制实验 | I32: ddormann@uni-mainz.de | J32: 中（近期论文通讯邮箱） | K32: 2025 | L32: RNA-binding protein dysfunction and phase separation | M32: ALS, FTD and neurodegeneration | N32: 高 | O32: 5 | P32: 5 | Q32: 1 | R32: 2 | S32: =O32*7+P32*7+Q32*10+R32*5 -> 90 | T32: =MIN(100,S32+IF(G32="青年/新组机会",5,0)) -> 90 | U32: Intrinsically disordered RNA-binding motifs cooperate to catalyze RNA folding and drive phase separation | V32: Nucleic Acids Research | W32: 2024 | X32: 15 | Y32: 2025 | Z32: https://doi.org/10.1093/nar/gkae1107 | AA32: https://academic.oup.com/nar/pages/about | AB32: https://europepmc.org/articles/PMC12706024 | AC32: https://www.imb.de/students-postdocs/international-phd-programme/ipp-groups/johannes-gutenberg-university-jgu-mainz | AD32: https://openalex.org/A5068527702 | AE32: https://orcid.org/0000-0002-9260-2775 | AF32: 发送前需在机构官网复核 | AG32: Johannes Gutenberg University Mainz | University Medical Center of the Johannes Gutenberg University Mainz | Institute of Molecular Biology | Institute of Molecular Biology
A33: 29 | B33: =IF(T33>=95,"A-优先联系",IF(T33>=85,"B-重点关注","C-补充候选")) -> B-重点关注 | C33: Eva Bartok | D33: Bonn | E33: University Hospital Bonn | F33: 已核验（德国机构+官网来源） | G33: 成熟/资深PI | H33: RNA机制实验 | I33: ebartok@uni-bonn.de | J33: 中（近期论文通讯邮箱） | K33: 2025 | L33: RNA sensing and innate immunity | M33: autoinflammation and infection | N33: 高 | O33: 5 | P33: 5 | Q33: 1 | R33: 2 | S33: =O33*7+P33*7+Q33*10+R33*5 -> 90 | T33: =MIN(100,S33+IF(G33="青年/新组机会",5,0)) -> 90 | U33: RNA-binding proteins hnRNPM and ELAVL1 promote type-I interferon induction downstream of the nucleic acid sensors cGAS and RIG-I | V33: The EMBO Journal | W33: 2024 | X33: 9.4 | Y33: 2024 | Z33: https://doi.org/10.1038/s44318-024-00331-x | AA33: https://www.embopress.org/journal/14602075 | AB33: https://europepmc.org/articles/PMC12359151 | AC33: https://www.ukbonn.de | AD33: https://openalex.org/A5063294321 | AE33: https://orcid.org/0000-0003-0556-1950 | AF33: 发送前需在机构官网复核 | AG33: University of Bonn | University Hospital Bonn
A34: 30 | B34: =IF(T34>=95,"A-优先联系",IF(T34>=85,"B-重点关注","C-补充候选")) -> B-重点关注 | C34: Florian Heyd | D34: Berlin | E34: Freie Universitat Berlin | F34: 已核验（OpenAlex德国机构） | G34: 成熟/资深PI | H34: RNA机制实验 | I34: florian.heyd@fu-berlin.de | J34: 中（近期论文通讯邮箱） | K34: 2025 | L34: Alternative splicing and immune-cell RNA regulation | M34: immune disease and cancer | N34: 高 | O34: 5 | P34: 5 | Q34: 1 | R34: 2 | S34: =O34*7+P34*7+Q34*10+R34*5 -> 90 | T34: =MIN(100,S34+IF(G34="青年/新组机会",5,0)) -> 90 | U34: A Conserved Kinase-Based Body-Temperature Sensor Globally Controls Alternative Splicing and Gene Expression | V34: Molecular Cell | W34: 2020 | X34: 16 | Y34: 2024 | Z34: https://doi.org/10.1016/j.molcel.2020.01.028 | AA34: https://www.cell.com/molecular-cell/home | AB34: https://europepmc.org/articles/PMC12446472 | AD34: https://openalex.org/A5111318513 | AF34: 发送前需在机构官网复核 | AG34: Freie Universität Berlin
A35: 31 | B35: =IF(T35>=95,"A-优先联系",IF(T35>=85,"B-重点关注","C-补充候选")) -> B-重点关注 | C35: Franz Narberhaus | D35: Bochum | E35: Ruhr University Bochum | F35: 已核验（德国机构+官网来源） | G35: 成熟/资深PI | H35: 感染与RNA | I35: franz.narberhaus@rub.de | J35: 中（近期论文通讯邮箱） | K35: 2026 | L35: RNA thermometers and bacterial RNA regulation | M35: infectious disease | N35: 高 | O35: 5 | P35: 5 | Q35: 1 | R35: 2 | S35: =O35*7+P35*7+Q35*10+R35*5 -> 90 | T35: =MIN(100,S35+IF(G35="青年/新组机会",5,0)) -> 90 | U35: Two redox-responsive LysR-type transcription factors control the oxidative stress response of Agrobacterium tumefaciens | V35: Nucleic Acids Research | W35: 2025 | X35: 15 | Y35: 2025 | Z35: https://doi.org/10.1093/nar/gkaf267 | AA35: https://academic.oup.com/nar/pages/about | AB35: https://europepmc.org/articles/PMC13046262 | AC35: https://www.ruhr-uni-bochum.de | AD35: https://openalex.org/A5079185955 | AE35: https://orcid.org/0000-0002-8552-5310 | AF35: 发送前需在机构官网复核 | AG35: Ruhr University Bochum
A36: 32 | B36: =IF(T36>=95,"A-优先联系",IF(T36>=85,"B-重点关注","C-补充候选")) -> B-重点关注 | C36: Friedemann Weber | D36: Giessen | E36: Justus Liebig University Giessen | F36: 已核验（德国机构+官网来源） | G36: 成熟/资深PI | H36: 感染与RNA | I36: friedemann.weber@vetmed.uni-giessen.de | J36: 中（近期论文通讯邮箱） | K36: 2025 | L36: RNA virus replication and innate immunity | M36: emerging viral infection | N36: 高 | O36: 5 | P36: 5 | Q36: 1 | R36: 2 | S36: =O36*7+P36*7+Q36*10+R36*5 -> 90 | T36: =MIN(100,S36+IF(G36="青年/新组机会",5,0)) -> 90 | U36: Crimean–Congo haemorrhagic fever virus uses LDLR to bind and enter host cells | V36: Nature Microbiology | W36: 2024 | X36: 19.4 | Y36: 2024 | Z36: https://doi.org/10.1038/s41564-024-01672-3 | AA36: https://www.nature.com/nmicrobiol/journal-impact | AB36: https://europepmc.org/articles/PMC12568213 | AC36: https://www.uni-giessen.de | AD36: https://openalex.org/A5088808959 | AE36: https://orcid.org/0000-0001-9737-337X | AF36: 发送前需在机构官网复核 | AG36: Justus-Liebig-Universität Gießen
A37: 33 | B37: =IF(T37>=95,"A-优先联系",IF(T37>=85,"B-重点关注","C-补充候选")) -> B-重点关注 | C37: Georg Stoecklin | D37: Heidelberg | E37: Heidelberg University | F37: 已核验（OpenAlex德国机构） | G37: 成熟/资深PI | H37: RNA机制实验 | I37: georg.stoecklin@medma.uni-heidelberg.de | J37: 中（近期论文通讯邮箱） | K37: 2024 | L37: mRNA decay and post-transcriptional control | M37: inflammation and cancer | N37: 高 | O37: 5 | P37: 5 | Q37: 1 | R37: 2 | S37: =O37*7+P37*7+Q37*10+R37*5 -> 90 | T37: =MIN(100,S37+IF(G37="青年/新组机会",5,0)) -> 90 | U37: The two-step purification method ViREn identifies a single NSUN6-mediated 5-methylcytosine modification promoting dengue virus RNA genome turnover | V37: Nucleic Acids Research | W37: 2026 | X37: 15 | Y37: 2025 | Z37: https://doi.org/10.1093/nar/gkag003 | AA37: https://academic.oup.com/nar/pages/about | AB37: https://europepmc.org/articles/PMC11604940 | AD37: https://openalex.org/A5013622991 | AE37: https://orcid.org/0000-0001-9284-9834 | AF37: 发送前需在机构官网复核 | AG37: University of Mannheim | German Cancer Research Center | Heidelberg University | University Hospital Heidelberg | DKFZ-ZMBH Alliance | University Medical Centre Mannheim
A38: 34 | B38: =IF(T38>=95,"A-优先联系",IF(T38>=85,"B-重点关注","C-补充候选")) -> B-重点关注 | C38: Gil Westmeyer | D38: Munich | E38: Technical University of Munich / Helmholtz Munich | F38: 已核验（德国机构+官网来源） | G38: 成熟/资深PI | H38: RNA机制实验 | I38: gil.westmeyer@tum.de | J38: 中（近期论文通讯邮箱） | K38: 2026 | L38: Synthetic RNA sensors and molecular imaging | M38: diagnostics and cell therapy | N38: 高 | O38: 5 | P38: 5 | Q38: 1 | R38: 2 | S38: =O38*7+P38*7+Q38*10+R38*5 -> 90 | T38: =MIN(100,S38+IF(G38="青年/新组机会",5,0)) -> 90 | U38: Non-destructive transcriptomics via vesicular export | V38: Nature Communications | W38: 2026 | X38: 18.1 | Y38: 2025 | Z38: https://doi.org/10.1038/s41467-026-72072-w | AA38: https://www.nature.com/ncomms/ncomms/journal-impact | AB38: https://europepmc.org/articles/PMC13121718 | AC38: https://www.helmholtz-munich.de | AD38: https://openalex.org/A5039343293 | AE38: https://orcid.org/0000-0001-7224-8919 | AF38: 发送前需在机构官网复核 | AG38: Helmholtz Zentrum München | Technical University of Munich
A39: 35 | B39: =IF(T39>=95,"A-优先联系",IF(T39>=85,"B-重点关注","C-补充候选")) -> B-重点关注 | C39: Gunther Hartmann | D39: Bonn | E39: University Hospital Bonn | F39: 已核验（德国机构+官网来源） | G39: 成熟/资深PI | H39: 临床转化/治疗 | I39: gunther.hartmann@uni-bonn.de | J39: 中（近期论文通讯邮箱） | K39: 2025 | L39: Therapeutic RNA and innate immune sensing | M39: cancer immunotherapy and infection | N39: 高 | O39: 5 | P39: 5 | Q39: 1 | R39: 2 | S39: =O39*7+P39*7+Q39*10+R39*5 -> 90 | T39: =MIN(100,S39+IF(G39="青年/新组机会",5,0)) -> 90 | U39: RNA-binding proteins hnRNPM and ELAVL1 promote type-I interferon induction downstream of the nucleic acid sensors cGAS and RIG-I | V39: The EMBO Journal | W39: 2024 | X39: 9.4 | Y39: 2024 | Z39: https://doi.org/10.1038/s44318-024-00331-x | AA39: https://www.embopress.org/journal/14602075 | AB39: https://europepmc.org/articles/PMC12467475 | AC39: https://www.ukbonn.de | AD39: https://openalex.org/A5070273513 | AE39: https://orcid.org/0000-0003-1021-2018 | AF39: 发送前需在机构官网复核 | AG39: University Hospital Bonn
A40: 36 | B40: =IF(T40>=95,"A-优先联系",IF(T40>=85,"B-重点关注","C-补充候选")) -> B-重点关注 | C40: Hiroki Kato | D40: Bonn | E40: University Hospital Bonn | F40: 已核验（德国机构+官网来源） | G40: 成熟/资深PI | H40: 感染与RNA | I40: hkato@uni-bonn.de | J40: 中（近期论文通讯邮箱） | K40: 2025 | L40: Viral RNA recognition and innate immunity | M40: viral infection | N40: 高 | O40: 5 | P40: 5 | Q40: 1 | R40: 2 | S40: =O40*7+P40*7+Q40*10+R40*5 -> 90 | T40: =MIN(100,S40+IF(G40="青年/新组机会",5,0)) -> 90 | U40: A 20-amino-acid Cardiovirus protein exhibits cytokine-mimicry activity to regulate viral replication | V40: Cell Reports | W40: 2025 | X40: 7.5 | Y40: 2024 | Z40: https://doi.org/10.1016/j.celrep.2025.116740 | AA40: https://www.cell.com/cell-reports/home | AB40: https://europepmc.org/articles/PMC12501977 | AC40: https://www.ukbonn.de | AD40: https://openalex.org/A5062077013 | AE40: https://orcid.org/0000-0003-0838-6772 | AF40: 发送前需在机构官网复核 | AG40: Osaka Gakuin University | University of Bonn | Hokkaido University | University Hospital Bonn | Gifu University Hospital | Gifu University | The University of Osaka
A41: 37 | B41: =IF(T41>=95,"A-优先联系",IF(T41>=85,"B-重点关注","C-补充候选")) -> B-重点关注 | C41: Jan Medenbach | D41: Regensburg | E41: University of Regensburg | F41: 已核验（OpenAlex德国机构） | G41: 成熟/资深PI | H41: RNA机制实验 | I41: Jan.Medenbach@ur.de | J41: 中（近期论文通讯邮箱） | K41: 2023 | L41: Translational control and RNA-binding proteins | M41: cancer and metabolic disease | N41: 高 | O41: 5 | P41: 5 | Q41: 1 | R41: 2 | S41: =O41*7+P41*7+Q41*10+R41*5 -> 90 | T41: =MIN(100,S41+IF(G41="青年/新组机会",5,0)) -> 90 | U41: A rapid protocol for ribosome profiling of low input samples | V41: Nucleic Acids Research | W41: 2023 | X41: 15 | Y41: 2025 | Z41: https://doi.org/10.1093/nar/gkad459 | AA41: https://academic.oup.com/nar/pages/about | AB41: https://europepmc.org/articles/PMC10758357 | AD41: https://openalex.org/A5072419423 | AE41: https://orcid.org/0000-0003-0749-7788 | AF41: 发送前需在机构官网复核 | AG41: University of Regensburg | RWTH Aachen University
A42: 38 | B42: =IF(T42>=95,"A-优先联系",IF(T42>=85,"B-重点关注","C-补充候选")) -> B-重点关注 | C42: John Ziebuhr | D42: Giessen | E42: Justus Liebig University Giessen | F42: 已核验（德国机构+官网来源） | G42: 成熟/资深PI | H42: 感染与RNA | I42: John.Ziebuhr@viro.med.uni-giessen.de | J42: 中（近期论文通讯邮箱） | K42: 2023 | L42: Coronavirus RNA replication and processing | M42: coronavirus infection | N42: 高 | O42: 5 | P42: 5 | Q42: 1 | R42: 2 | S42: =O42*7+P42*7+Q42*10+R42*5 -> 90 | T42: =MIN(100,S42+IF(G42="青年/新组机会",5,0)) -> 90 | U42: Reply to: The stress-inducible ER chaperone GRP78/BiP is upregulated during SARS-CoV-2 infection and acts as a pro-viral protein | V42: Nature Communications | W42: 2022 | X42: 18.1 | Y42: 2025 | Z42: https://doi.org/10.1038/s41467-022-34066-2 | AA42: https://www.nature.com/ncomms/ncomms/journal-impact | AB42: https://europepmc.org/articles/PMC10308930 | AC42: https://www.uni-giessen.de | AD42: https://openalex.org/A5037220101 | AE42: https://orcid.org/0000-0002-5741-8825 | AF42: 发送前需在机构官网复核 | AG42: Justus-Liebig-Universität Gießen | German Center for Infection Research
A43: 39 | B43: =IF(T43>=95,"A-优先联系",IF(T43>=85,"B-重点关注","C-补充候选")) -> B-重点关注 | C43: Jorg Vogel | D43: Würzburg | E43: University of Wurzburg / HIRI | F43: 已核验（OpenAlex德国机构） | G43: 成熟/资深PI | H43: 临床转化/治疗 | I43: joerg.vogel@uni-wuerzburg.de | J43: 中（近期论文通讯邮箱） | K43: 2025 | L43: RNA biology of bacterial infection and RNA therapeutics | M43: infectious disease | N43: 高 | O43: 5 | P43: 5 | Q43: 1 | R43: 2 | S43: =O43*7+P43*7+Q43*10+R43*5 -> 90 | T43: =MIN(100,S43+IF(G43="青年/新组机会",5,0)) -> 90 | U43: Translation-dependent degradation of cas12 mRNA triggered by an anti-CRISPR | V43: Nature | W43: 2026 | X43: 48.5 | Y43: 2024 | Z43: https://doi.org/10.1038/s41586-026-10440-8 | AA43: https://www.nature.com/nature/journal-impact | AB43: https://europepmc.org/articles/PMC12571901 | AD43: https://openalex.org/A5037571507 | AE43: https://orcid.org/0000-0003-2220-1404 | AF43: 发送前需在机构官网复核 | AG43: University of Würzburg | Medical Mission Institute | Helmholtz Centre for Infection Research | Innovation Cluster (Canada) | Helmholtz Institute for RNA-based Infection Research
A44: 40 | B44: =IF(T44>=95,"A-优先联系",IF(T44>=85,"B-重点关注","C-补充候选")) -> B-重点关注 | C44: Julian Koenig | D44: Würzburg | E44: Institute of Molecular Biology Mainz / University of Wurzburg | F44: 已核验（德国机构+官网来源） | G44: 成熟/资深PI | H44: RNA机制实验 | I44: julian.koenig@uk-koeln.de | J44: 中（近期论文通讯邮箱） | K44: 2026 | L44: RNA splicing, RNA modifications and RBP networks | M44: cancer, ageing and neurodegeneration | N44: 高 | O44: 5 | P44: 5 | Q44: 1 | R44: 2 | S44: =O44*7+P44*7+Q44*10+R44*5 -> 90 | T44: =MIN(100,S44+IF(G44="青年/新组机会",5,0)) -> 90 | U44: Effectiveness of home treatment in children and adolescents with psychiatric disorders—systematic review and meta-analysis | V44: BMC Medicine | W44: 2024 | X44: 7 | Y44: 2024 | Z44: https://doi.org/10.1186/s12916-024-03448-2 | AA44: https://bmcmedicine.biomedcentral.com/about | AB44: https://europepmc.org/articles/PMC13132349 | AC44: https://iqcb.uni-mainz.de/team/koenig-julian | AD44: https://openalex.org/A5040105646 | AE44: https://orcid.org/0000-0003-1009-9625 | AF44: 发送前需在机构官网复核；代表作标题未直接出现RNA关键词，研究方向仍属RNA范围 | AG44: University of Cologne | University Hospital Cologne
A45: 41 | B45: =IF(T45>=95,"A-优先联系",IF(T45>=85,"B-重点关注","C-补充候选")) -> B-重点关注 | C45: Kai Papenfort | D45: Jena | E45: Friedrich Schiller University Jena | F45: 已核验（德国机构+官网来源） | G45: 成熟/资深PI | H45: 感染与RNA | I45: kai.papenfort@uni-jena.de | J45: 中（近期论文通讯邮箱） | K45: 2026 | L45: Bacterial regulatory RNA and host-pathogen interactions | M45: infectious disease | N45: 高 | O45: 5 | P45: 5 | Q45: 1 | R45: 2 | S45: =O45*7+P45*7+Q45*10+R45*5 -> 90 | T45: =MIN(100,S45+IF(G45="青年/新组机会",5,0)) -> 90 | U45: A 3’UTR-derived small RNA modulates the life cycle of the cholera toxin–encoding filamentous phage, CTXϕ | V45: Proceedings of the National Academy of Sciences | W45: 2026 | X45: 9.4 | Y45: 2024 | Z45: https://doi.org/10.1073/pnas.2535142123 | AA45: https://www.pnas.org/about | AB45: https://europepmc.org/articles/PMC13250501 | AC45: https://www.uni-jena.de | AD45: https://openalex.org/A5060415677 | AE45: https://orcid.org/0000-0002-5560-9804 | AF45: 发送前需在机构官网复核 | AG45: Schiller International University | Friedrich Schiller University Jena
A46: 42 | B46: =IF(T46>=95,"A-优先联系",IF(T46>=85,"B-重点关注","C-补充候选")) -> B-重点关注 | C46: Lars Dolken | D46: Würzburg | E46: University of Wurzburg | F46: 已核验（OpenAlex德国机构） | G46: 成熟/资深PI | H46: 感染与RNA | I46: Doelken.Lars@mh-hannover.de | J46: 中（近期论文通讯邮箱） | K46: 2026 | L46: Viral RNA, transcriptomics and antiviral mechanisms | M46: viral infection | N46: 高 | O46: 5 | P46: 5 | Q46: 1 | R46: 2 | S46: =O46*7+P46*7+Q46*10+R46*5 -> 90 | T46: =MIN(100,S46+IF(G46="青年/新组机会",5,0)) -> 90 | U46: Host cell Z-RNAs activate ZBP1 during virus infections | V46: Nature | W46: 2025 | X46: 48.5 | Y46: 2024 | Z46: https://doi.org/10.1038/s41586-025-09705-5 | AA46: https://www.nature.com/nature/journal-impact | AB46: https://europepmc.org/articles/PMC13229380 | AD46: https://openalex.org/A5069299747 | AE46: https://orcid.org/0000-0002-4651-3544 | AF46: 发送前需在机构官网复核 | AG46: University of Würzburg | Medizinische Hochschule Hannover
A47: 43 | B47: =IF(T47>=95,"A-优先联系",IF(T47>=85,"B-重点关注","C-补充候选")) -> B-重点关注 | C47: Lars Zender | D47: Tübingen | E47: University Hospital Tubingen | F47: 已核验（OpenAlex德国机构） | G47: 成熟/资深PI | H47: RNA机制实验 | I47: lars.zender@med.uni-tuebingen.de | J47: 中（近期论文通讯邮箱） | K47: 2024 | L47: Functional genomics and non-coding RNA in cancer | M47: liver cancer | N47: 高 | O47: 5 | P47: 5 | Q47: 1 | R47: 2 | S47: =O47*7+P47*7+Q47*10+R47*5 -> 90 | T47: =MIN(100,S47+IF(G47="青年/新组机会",5,0)) -> 90 | U47: Author Correction: mTOR regulates MAPKAPK2 translation to control the senescence-associated secretory phenotype | V47: Nature Cell Biology | W47: 2024 | X47: 17.3 | Y47: 2024 | Z47: https://doi.org/10.1038/s41556-024-01443-6 | AA47: https://www.nature.com/ncb/journal-impact | AB47: https://europepmc.org/articles/PMC11444366 | AD47: https://openalex.org/A5052075637 | AE47: https://orcid.org/0000-0001-7626-2849 | AF47: 发送前需在机构官网复核 | AG47: Universitätsklinikum Tübingen | University Children's Hospital Tübingen | Bernstein Center for Computational Neuroscience Tübingen | University of Tübingen
A48: 44 | B48: =IF(T48>=95,"A-优先联系",IF(T48>=85,"B-重点关注","C-补充候选")) -> B-重点关注 | C48: Marco Binder | D48: Heidelberg | E48: German Cancer Research Center | F48: 已核验（德国机构+官网来源） | G48: 成熟/资深PI | H48: 感染与RNA | I48: m.binder@dkfz-heidelberg.de | J48: 中（近期论文通讯邮箱） | K48: 2023 | L48: Viral RNA sensing and innate immune dynamics | M48: viral infection and immunotherapy | N48: 高 | O48: 5 | P48: 5 | Q48: 1 | R48: 2 | S48: =O48*7+P48*7+Q48*10+R48*5 -> 90 | T48: =MIN(100,S48+IF(G48="青年/新组机会",5,0)) -> 90 | U48: Integrin beta 1 facilitates non-enveloped hepatitis E virus cell entry through the recycling endosome | V48: Nature Communications | W48: 2025 | X48: 18.1 | Y48: 2025 | Z48: https://doi.org/10.1038/s41467-025-61071-y | AA48: https://www.nature.com/ncomms/ncomms/journal-impact | AB48: https://europepmc.org/articles/PMC10709914 | AC48: https://www.dkfz.de | AD48: https://openalex.org/A5042695802 | AE48: https://orcid.org/0000-0002-5805-6109 | AF48: 发送前需在机构官网复核 | AG48: German Cancer Research Center | Heidelberg University
A49: 45 | B49: =IF(T49>=95,"A-优先联系",IF(T49>=85,"B-重点关注","C-补充候选")) -> B-重点关注 | C49: Mark Helm | D49: Mainz | E49: Johannes Gutenberg University Mainz | F49: 已核验（德国机构+官网来源） | G49: 成熟/资深PI | H49: 临床转化/治疗 | I49: mhelm@uni-mainz.de | J49: 中（近期论文通讯邮箱） | K49: 2026 | L49: RNA modifications, analytics and modified RNA delivery | M49: RNA vaccines and therapeutics | N49: 高 | O49: 5 | P49: 5 | Q49: 1 | R49: 2 | S49: =O49*7+P49*7+Q49*10+R49*5 -> 90 | T49: =MIN(100,S49+IF(G49="青年/新组机会",5,0)) -> 90 | U49: ModiDeC: a multi-RNA modification classifier for direct nanopore sequencing | V49: Nucleic Acids Research | W49: 2025 | X49: 15 | Y49: 2025 | Z49: https://doi.org/10.1093/nar/gkaf673 | AA49: https://academic.oup.com/nar/pages/about | AB49: https://europepmc.org/articles/PMC13288464 | AC49: https://www.imb.de/students-postdocs/international-phd-programme/ipp-groups/mark-helm | AD49: https://openalex.org/A5001477363 | AE49: https://orcid.org/0000-0002-0154-0928 | AF49: 发送前需在机构官网复核 | AG49: Johannes Gutenberg University Mainz | University Medical Center of the Johannes Gutenberg University Mainz
A50: 46 | B50: =IF(T50>=95,"A-优先联系",IF(T50>=85,"B-重点关注","C-补充候选")) -> B-重点关注 | C50: Markus Bohnsack | D50: Göttingen | E50: University Medical Center Goettingen | F50: 已核验（德国机构+官网来源） | G50: 成熟/资深PI | H50: RNA机制实验 | I50: katherine.bohnsack@med.uni-goettingen.de | J50: 中（近期论文通讯邮箱） | K50: 2026 | L50: Ribosome biogenesis and RNA modification | M50: ribosomopathies and cancer | N50: 高 | O50: 5 | P50: 5 | Q50: 1 | R50: 2 | S50: =O50*7+P50*7+Q50*10+R50*5 -> 90 | T50: =MIN(100,S50+IF(G50="青年/新组机会",5,0)) -> 90 | U50: 2′-O-methylation-dependent installation of N2-methylguanosine in the U6 internal stem loop facilitates efficient spliceosome assembly | V50: Nature Communications | W50: 2026 | X50: 18.1 | Y50: 2025 | Z50: https://doi.org/10.1038/s41467-026-72355-2 | AA50: https://www.nature.com/ncomms/ncomms/journal-impact | AB50: https://europepmc.org/articles/PMC13109388 | AC50: https://www.umg.eu | AD50: https://openalex.org/A5031070367 | AE50: https://orcid.org/0000-0001-7063-5456 | AF50: 发送前需在机构官网复核 | AG50: Universitätsmedizin Göttingen | Max Planck Institute for Multidisciplinary Sciences | University of Göttingen
A51: 47 | B51: =IF(T51>=95,"A-优先联系",IF(T51>=85,"B-重点关注","C-补充候选")) -> B-重点关注 | C51: Markus Ralser | D51: Berlin | E51: Charite University Medicine Berlin | F51: 已核验（德国机构+官网来源） | G51: 成熟/资深PI | H51: RNA机制实验 | I51: markus.ralser@charite.de | J51: 中（近期论文通讯邮箱） | K51: 2025 | L51: Systems biology, transcriptomics and metabolism | M51: metabolic and rare disease | N51: 高 | O51: 5 | P51: 5 | Q51: 1 | R51: 2 | S51: =O51*7+P51*7+Q51*10+R51*5 -> 90 | T51: =MIN(100,S51+IF(G51="青年/新组机会",5,0)) -> 90 | U51: Decreased cytoplasmic crowding via inhibition of ribosome biogenesis can trigger Candida albicans filamentous growth | V51: Nature Microbiology | W51: 2025 | X51: 19.4 | Y51: 2024 | Z51: https://doi.org/10.1038/s41564-025-02205-2 | AA51: https://www.nature.com/nmicrobiol/journal-impact | AB51: https://europepmc.org/articles/PMC12809002 | AC51: https://ralserlab.org | AD51: https://openalex.org/A5070892021 | AE51: https://orcid.org/0000-0001-9535-7413 | AF51: 发送前需在机构官网复核 | AG51: Centre for Human Genetics | The Francis Crick Institute | Nuffield Orthopaedic Centre | Humboldt-Universität zu Berlin | University of Oxford | Berlin Institute of Health at Charité - Universitätsmedizin Berlin | Max Planck Institute for Molecular Genetics | Charité - Universitätsmedizin Berlin
A52: 48 | B52: =IF(T52>=95,"A-优先联系",IF(T52>=85,"B-重点关注","C-补充候选")) -> B-重点关注 | C52: Markus Zweckstetter | D52: Göttingen | E52: German Center for Neurodegenerative Diseases / Goettingen | F52: 已核验（德国机构+官网来源） | G52: 成熟/资深PI | H52: RNA机制实验 | I52: markus.zweckstetter@dzne.de | J52: 中（近期论文通讯邮箱） | K52: 2025 | L52: RNA-protein assemblies and neurodegeneration | M52: ALS and protein-RNA aggregation | N52: 高 | O52: 5 | P52: 5 | Q52: 1 | R52: 2 | S52: =O52*7+P52*7+Q52*10+R52*5 -> 90 | T52: =MIN(100,S52+IF(G52="青年/新组机会",5,0)) -> 90 | U52: RNA selectively modulates activity of virulent amyloid PSMα3 and host-defense LL-37 via phase separation and aggregation dynamics | V52: eLife | W52: 2026 | X52: 6.4 | Y52: 2023 | Z52: https://doi.org/10.7554/elife.109290.4 | AA52: https://elifesciences.org/about | AB52: https://europepmc.org/articles/PMC12365244 | AC52: https://www.dzne.de | AD52: https://openalex.org/A5033249566 | AE52: https://orcid.org/0000-0002-2536-6581 | AF52: 发送前需在机构官网复核 | AG52: German Center for Neurodegenerative Diseases | Universitätsmedizin Göttingen | Max Planck Institute for Biophysical Chemistry | Tissue Dynamics (Israel) | Max Planck Institute for Multidisciplinary Sciences | University of Göttingen
A53: 49 | B53: =IF(T53>=95,"A-优先联系",IF(T53>=85,"B-重点关注","C-补充候选")) -> B-重点关注 | C53: Michael Boutros | D53: Heidelberg | E53: Heidelberg University / DKFZ | F53: 已核验（德国机构+官网来源） | G53: 成熟/资深PI | H53: RNA机制实验 | I53: m.boutros@dkfz.de | J53: 中（近期论文通讯邮箱） | K53: 2026 | L53: RNAi screening and functional cancer genomics | M53: cancer precision medicine | N53: 高 | O53: 5 | P53: 5 | Q53: 1 | R53: 2 | S53: =O53*7+P53*7+Q53*10+R53*5 -> 90 | T53: =MIN(100,S53+IF(G53="青年/新组机会",5,0)) -> 90 | U53: Improved in vivo gene knockout with high specificity using multiplexed Cas12a sgRNAs | V53: Nature Communications | W53: 2026 | X53: 18.1 | Y53: 2025 | Z53: https://doi.org/10.1038/s41467-026-68434-z | AA53: https://www.nature.com/ncomms/ncomms/journal-impact | AB53: https://europepmc.org/articles/PMC12827956 | AC53: https://www.dkfz.de | AD53: https://openalex.org/A5066882189 | AE53: https://orcid.org/0000-0002-9458-817X | AF53: 发送前需在机构官网复核 | AG53: German Cancer Research Center | Heidelberg University | University Hospital Heidelberg | DKFZ-ZMBH Alliance | Deutsches Konsortium für Translationale Krebsforschung | Heidelberg University
A54: 50 | B54: =IF(T54>=95,"A-优先联系",IF(T54>=85,"B-重点关注","C-补充候选")) -> B-重点关注 | C54: Michaela Frye | D54: Heidelberg | E54: German Cancer Research Center | F54: 已核验（OpenAlex德国机构） | G54: 成熟/资深PI | H54: RNA机制实验 | I54: m.frye@dkfz.de | J54: 中（近期论文通讯邮箱） | K54: 2025 | L54: RNA modifications and stem-cell/cancer biology | M54: cancer and tissue regeneration | N54: 高 | O54: 5 | P54: 5 | Q54: 1 | R54: 2 | S54: =O54*7+P54*7+Q54*10+R54*5 -> 90 | T54: =MIN(100,S54+IF(G54="青年/新组机会",5,0)) -> 90 | U54: Disrupting tRNA modifications to target mitochondrial vulnerabilities in drug-resistant leukemia cells | V54: Blood | W54: 2025 | X54: 21 | Y54: 2024 | Z54: https://doi.org/10.1182/blood.2024027822 | AA54: https://ashpublications.org/blood/pages/about | AB54: https://europepmc.org/articles/PMC12824680 | AD54: https://openalex.org/A5025823078 | AE54: https://orcid.org/0000-0002-5636-6840 | AF54: 发送前需在机构官网复核 | AG54: German Cancer Research Center | Heidelberg University | DKFZ-ZMBH Alliance
A55: 51 | B55: =IF(T55>=95,"A-优先联系",IF(T55>=85,"B-重点关注","C-补充候选")) -> B-重点关注 | C55: Mirka Uhlirova | D55: Cologne | E55: University of Cologne | F55: 已核验（德国机构+官网来源） | G55: 成熟/资深PI | H55: RNA机制实验 | I55: mirka.uhlirova@uni-koeln.de | J55: 中（近期论文通讯邮箱） | K55: 2024 | L55: Non-coding RNA and stress-response gene regulation | M55: cancer and inflammation | N55: 高 | O55: 5 | P55: 5 | Q55: 1 | R55: 2 | S55: =O55*7+P55*7+Q55*10+R55*5 -> 90 | T55: =MIN(100,S55+IF(G55="青年/新组机会",5,0)) -> 90 | U55: Xrp1 governs the stress response program to spliceosome dysfunction | V55: Nucleic Acids Research | W55: 2024 | X55: 15 | Y55: 2025 | Z55: https://doi.org/10.1093/nar/gkae055 | AA55: https://academic.oup.com/nar/pages/about | AB55: https://europepmc.org/articles/PMC10954486 | AC55: https://www.uni-koeln.de | AD55: https://openalex.org/A5070522126 | AE55: https://orcid.org/0000-0002-5735-8287 | AF55: 发送前需在机构官网复核 | AG55: Cologne Excellence Cluster on Cellular Stress Responses in Aging Associated Diseases
A56: 52 | B56: =IF(T56>=95,"A-优先联系",IF(T56>=85,"B-重点关注","C-补充候选")) -> B-重点关注 | C56: Niels Gehring | D56: Cologne | E56: University of Cologne | F56: 已核验（OpenAlex德国机构） | G56: 成熟/资深PI | H56: RNA机制实验 | I56: ngehring@uni-koeln.de | J56: 中（近期论文通讯邮箱） | K56: 2026 | L56: RNA quality control and nonsense-mediated decay | M56: genetic disease | N56: 高 | O56: 5 | P56: 5 | Q56: 1 | R56: 2 | S56: =O56*7+P56*7+Q56*10+R56*5 -> 90 | T56: =MIN(100,S56+IF(G56="青年/新组机会",5,0)) -> 90 | U56: SMG1:SMG8:SMG9-complex integrity supports efficient execution of nonsense-mediated mRNA decay | V56: Nucleic Acids Research | W56: 2026 | X56: 15 | Y56: 2025 | Z56: https://doi.org/10.1093/nar/gkag193 | AA56: https://academic.oup.com/nar/pages/about | AB56: https://europepmc.org/articles/PMC12923823 | AD56: https://openalex.org/A5035016185 | AE56: https://orcid.org/0000-0001-7792-1164 | AF56: 发送前需在机构官网复核 | AG56: TH Köln - University of Applied Sciences | University of Cologne
A57: 53 | B57: =IF(T57>=95,"A-优先联系",IF(T57>=85,"B-重点关注","C-补充候选")) -> B-重点关注 | C57: Nikolaus Rajewsky | D57: Berlin | E57: Max Delbruck Center | F57: 已核验（OpenAlex德国机构） | G57: 成熟/资深PI | H57: 计算/单细胞 | I57: rajewsky@mdc-berlin.de | J57: 中（近期论文通讯邮箱） | K57: 2026 | L57: Systems biology, single-cell RNA and regulatory RNA | M57: precision medicine and disease models | N57: 高 | O57: 5 | P57: 5 | Q57: 1 | R57: 2 | S57: =O57*7+P57*7+Q57*10+R57*5 -> 90 | T57: =MIN(100,S57+IF(G57="青年/新组机会",5,0)) -> 90 | U57: circVDJ-seq for T cell clonotype detection in single-cell and spatial multi-omics | V57: Genome Medicine | W57: 2026 | X57: 11.2 | Y57: 2024 | Z57: https://doi.org/10.1186/s13073-026-01691-1 | AA57: https://genomemedicine.biomedcentral.com/about | AB57: https://europepmc.org/articles/PMC12990811 | AD57: https://openalex.org/A5073506559 | AE57: https://orcid.org/0000-0002-4785-4332 | AF57: 发送前需在机构官网复核 | AG57: German Cancer Research Center | Max Delbrück Center | German Center for Neurodegenerative Diseases | Humboldt-Universität zu Berlin | MSB Medical School Berlin | German Cancer Society | National Center for Tumor Diseases | German Centre for Cardiovascular Research | Berlin Institute of Health at Charité - Universitätsmedizin Berlin | Berliner Wasserbetriebe (Germany) | Deutschen Konsortium für Translationale Krebsforschung | Freie Universität Berlin | Charité - Universitätsmedizin Berlin
A58: 54 | B58: =IF(T58>=95,"A-优先联系",IF(T58>=85,"B-重点关注","C-补充候选")) -> B-重点关注 | C58: Norbert Huebner | D58: Berlin | E58: Max Delbruck Center / Charite | F58: 已核验（德国机构+官网来源） | G58: 成熟/资深PI | H58: 计算/单细胞 | I58: nhuebner@mdc-berlin.de | J58: 中低（较早论文通讯邮箱） | K58: 2021 | L58: Cardiovascular transcriptomics and single-cell genomics | M58: cardiovascular disease | N58: 高 | O58: 5 | P58: 5 | Q58: 1 | R58: 2 | S58: =O58*7+P58*7+Q58*10+R58*5 -> 90 | T58: =MIN(100,S58+IF(G58="青年/新组机会",5,0)) -> 90 | U58: Multiomic analyses uncover immunological signatures in acute and chronic coronary syndromes | V58: Nature Medicine | W58: 2024 | X58: 50 | Y58: 2024 | Z58: https://doi.org/10.1038/s41591-024-02953-4 | AA58: https://www.nature.com/nm/journal-impact | AB58: https://europepmc.org/articles/PMC8615466 | AC58: https://www.mdc-berlin.de | AD58: https://openalex.org/A5110972092 | AF58: 邮箱来源较早，必须复核；代表作标题未直接出现RNA关键词，研究方向仍属RNA范围 | AG58: Max Delbrück Center | German Centre for Cardiovascular Research | Charité - Universitätsmedizin Berlin
A59: 55 | B59: =IF(T59>=95,"A-优先联系",IF(T59>=85,"B-重点关注","C-补充候选")) -> B-重点关注 | C59: Oliver Stegle | D59: Heidelberg | E59: EMBL / DKFZ | F59: 已核验（OpenAlex德国机构） | G59: 成熟/资深PI | H59: 计算/单细胞 | I59: oliver.stegle@embl.de | J59: 中（近期论文通讯邮箱） | K59: 2025 | L59: Single-cell genomics and statistical transcriptomics | M59: cancer and precision medicine | N59: 高 | O59: 5 | P59: 5 | Q59: 1 | R59: 2 | S59: =O59*7+P59*7+Q59*10+R59*5 -> 90 | T59: =MIN(100,S59+IF(G59="青年/新组机会",5,0)) -> 90 | U59: Cell2fate infers RNA velocity modules to improve cell fate prediction | V59: Nature Methods | W59: 2025 | X59: 32.1 | Y59: 2024 | Z59: https://doi.org/10.1038/s41592-025-02608-3 | AA59: https://www.nature.com/nmeth/journal-impact | AB59: https://europepmc.org/articles/PMC12903452 | AD59: https://openalex.org/A5091002491 | AE59: https://orcid.org/0000-0002-8818-7193 | AF59: 发送前需在机构官网复核 | AG59: German Cancer Research Center | Heidelberg University | Wellcome Sanger Institute | European Molecular Biology Laboratory
A60: 56 | B60: =IF(T60>=95,"A-优先联系",IF(T60>=85,"B-重点关注","C-补充候选")) -> B-重点关注 | C60: Ralf Bartenschlager | D60: Heidelberg | E60: Heidelberg University | F60: 已核验（德国机构+官网来源） | G60: 成熟/资深PI | H60: 感染与RNA | I60: ralf.bartenschlager@med.uni-heidelberg.de | J60: 中（近期论文通讯邮箱） | K60: 2024 | L60: Viral RNA replication and host interactions | M60: hepatitis and emerging viruses | N60: 高 | O60: 5 | P60: 5 | Q60: 1 | R60: 2 | S60: =O60*7+P60*7+Q60*10+R60*5 -> 90 | T60: =MIN(100,S60+IF(G60="青年/新组机会",5,0)) -> 90 | U60: A coronavirus assembly inhibitor that targets the viral membrane protein | V60: Nature | W60: 2025 | X60: 48.5 | Y60: 2024 | Z60: https://doi.org/10.1038/s41586-025-08773-x | AA60: https://www.nature.com/nature/journal-impact | AB60: https://europepmc.org/articles/PMC11271582 | AC60: https://www.uni-heidelberg.de | AD60: https://openalex.org/A5015740141 | AE60: https://orcid.org/0000-0001-5601-9307 | AF60: 发送前需在机构官网复核 | AG60: German Cancer Research Center | Heidelberg University | German Center for Infection Research
A61: 57 | B61: =IF(T61>=95,"A-优先联系",IF(T61>=85,"B-重点关注","C-补充候选")) -> B-重点关注 | C61: Ricarda Richter-Dennerlein | D61: Göttingen | E61: University Medical Center Goettingen | F61: 已核验（德国机构+官网来源） | G61: 成熟/资深PI | H61: RNA机制实验 | I61: ricarda.richter@med.uni-goettingen.de | J61: 中（近期论文通讯邮箱） | K61: 2025 | L61: Mitochondrial ribosome biogenesis and translation | M61: mitochondrial disease | N61: 高 | O61: 5 | P61: 5 | Q61: 1 | R61: 2 | S61: =O61*7+P61*7+Q61*10+R61*5 -> 90 | T61: =MIN(100,S61+IF(G61="青年/新组机会",5,0)) -> 90 | U61: Coupling of ribosome biogenesis and translation initiation in human mitochondria | V61: Nature Communications | W61: 2025 | X61: 18.1 | Y61: 2025 | Z61: https://doi.org/10.1038/s41467-025-58827-x | AA61: https://www.nature.com/ncomms/ncomms/journal-impact | AB61: https://europepmc.org/articles/PMC12003892 | AC61: https://www.uni-goettingen.de/de/551867.html | AD61: https://openalex.org/A5059109675 | AE61: https://orcid.org/0000-0001-8904-1543 | AF61: 发送前需在机构官网复核 | AG61: University of Göttingen
A62: 58 | B62: =IF(T62>=95,"A-优先联系",IF(T62>=85,"B-重点关注","C-补充候选")) -> B-重点关注 | C62: Roland Eils | D62: Berlin | E62: Charite / Berlin Institute of Health | F62: 已核验（德国机构+官网来源） | G62: 成熟/资深PI | H62: 临床转化/治疗 | I62: roland_eils@fudan.edu.cn | J62: 中（近期论文通讯邮箱） | K62: 2025 | L62: Clinical single-cell and spatial transcriptomics | M62: precision oncology and digital health | N62: 高 | O62: 5 | P62: 5 | Q62: 1 | R62: 2 | S62: =O62*7+P62*7+Q62*10+R62*5 -> 90 | T62: =MIN(100,S62+IF(G62="青年/新组机会",5,0)) -> 90 | U62: Proteomic and transcriptomic profiling of brainstem, cerebellum and olfactory tissues in early- and late-phase COVID-19 | V62: Nature Neuroscience | W62: 2024 | X62: 21.2 | Y62: 2024 | Z62: https://doi.org/10.1038/s41593-024-01573-y | AA62: https://www.nature.com/neuro/journal-impact | AB62: https://europepmc.org/articles/PMC12765833 | AC62: https://www.bihealth.org | AD62: https://openalex.org/A5044191947 | AE62: https://orcid.org/0000-0002-0034-4036 | AF62: 发送前需在机构官网复核 | AG62: Heidelberg University | Fudan University | University Hospital Heidelberg | Berlin Institute of Health at Charité - Universitätsmedizin Berlin
A63: 59 | B63: =IF(T63>=95,"A-优先联系",IF(T63>=85,"B-重点关注","C-补充候选")) -> B-重点关注 | C63: Roland Hartmann | D63: Marburg | E63: Philipps University Marburg | F63: 已核验（德国机构+官网来源） | G63: 成熟/资深PI | H63: 感染与RNA | I63: roland.hartmann@staff.uni-marburg.de | J63: 中（近期论文通讯邮箱） | K63: 2026 | L63: RNase P, tRNA processing and antibacterial RNA targets | M63: infectious disease | N63: 高 | O63: 5 | P63: 5 | Q63: 1 | R63: 2 | S63: =O63*7+P63*7+Q63*10+R63*5 -> 90 | T63: =MIN(100,S63+IF(G63="青年/新组机会",5,0)) -> 90 | U63: Substrate and enzyme determinants for recognition by human mitochondrial RNase P | V63: Nucleic Acids Research | W63: 2025 | X63: 15 | Y63: 2025 | Z63: https://doi.org/10.1093/nar/gkaf1145 | AA63: https://academic.oup.com/nar/pages/about | AB63: https://europepmc.org/articles/PMC13022451 | AC63: https://www.uni-marburg.de | AD63: https://openalex.org/A5075590006 | AE63: https://orcid.org/0000-0001-8330-6459 | AF63: 发送前需在机构官网复核 | AG63: Philipps University of Marburg
A64: 60 | B64: =IF(T64>=95,"A-优先联系",IF(T64>=85,"B-重点关注","C-补充候选")) -> B-重点关注 | C64: Rolf Backofen | D64: Freiburg | E64: University of Freiburg | F64: 已核验（德国机构+官网来源） | G64: 成熟/资深PI | H64: 计算/单细胞 | I64: backofen@informatik.uni-freiburg.de | J64: 中（近期论文通讯邮箱） | K64: 2026 | L64: RNA bioinformatics, RNA structure and regulatory genomics | M64: infection and human disease | N64: 高 | O64: 5 | P64: 5 | Q64: 1 | R64: 2 | S64: =O64*7+P64*7+Q64*10+R64*5 -> 90 | T64: =MIN(100,S64+IF(G64="青年/新组机会",5,0)) -> 90 | U64: An updated evolutionary classification of CRISPR–Cas systems including rare variants | V64: Nature Microbiology | W64: 2025 | X64: 19.4 | Y64: 2024 | Z64: https://doi.org/10.1038/s41564-025-02180-8 | AA64: https://www.nature.com/nmicrobiol/journal-impact | AB64: https://europepmc.org/articles/PMC12839519 | AC64: https://www.uni-freiburg.de | AD64: https://openalex.org/A5017672883 | AE64: https://orcid.org/0000-0001-8231-3323 | AF64: 发送前需在机构官网复核 | AG64: University of Freiburg | Kohler (New Zealand)
A65: 61 | B65: =IF(T65>=95,"A-优先联系",IF(T65>=85,"B-重点关注","C-补充候选")) -> B-重点关注 | C65: Simon Alberti | D65: Dresden | E65: Technical University Dresden | F65: 已核验（德国机构+官网来源） | G65: 成熟/资深PI | H65: RNA机制实验 | I65: simon.alberti@tu-dresden.de | J65: 中（近期论文通讯邮箱） | K65: 2025 | L65: RNA-protein condensates and stress granules | M65: neurodegeneration and ageing | N65: 高 | O65: 5 | P65: 5 | Q65: 1 | R65: 2 | S65: =O65*7+P65*7+Q65*10+R65*5 -> 90 | T65: =MIN(100,S65+IF(G65="青年/新组机会",5,0)) -> 90 | U65: Aldolase-regulated G3BP1/2+ condensates control insulin mRNA storage in beta cells | V65: The EMBO Journal | W65: 2025 | X65: 9.4 | Y65: 2024 | Z65: https://doi.org/10.1038/s44318-025-00448-7 | AA65: https://www.embopress.org/journal/14602075 | AB65: https://europepmc.org/articles/PMC12365244 | AC65: https://www.tu-dresden.de | AD65: https://openalex.org/A5008277442 | AE65: https://orcid.org/0000-0003-4017-6505 | AF65: 发送前需在机构官网复核 | AG65: Center for Systems Biology Dresden | Technische Universität Dresden
A66: 62 | B66: =IF(T66>=95,"A-优先联系",IF(T66>=85,"B-重点关注","C-补充候选")) -> B-重点关注 | C66: Stefan Bonn | D66: Hamburg | E66: University Medical Center Hamburg-Eppendorf | F66: 已核验（德国机构+官网来源） | G66: 成熟/资深PI | H66: 计算/单细胞 | I66: sbonn@uke.de | J66: 中（近期论文通讯邮箱） | K66: 2026 | L66: Single-cell transcriptomics and computational neuroscience | M66: neurodegeneration and immune disease | N66: 高 | O66: 5 | P66: 5 | Q66: 1 | R66: 2 | S66: =O66*7+P66*7+Q66*10+R66*5 -> 90 | T66: =MIN(100,S66+IF(G66="青年/新组机会",5,0)) -> 90 | U66: SCALE: unsupervised multiscale domain identification in spatial omics data | V66: Nucleic Acids Research | W66: 2026 | X66: 15 | Y66: 2025 | Z66: https://doi.org/10.1093/nar/gkaf1456 | AA66: https://academic.oup.com/nar/pages/about | AB66: https://europepmc.org/articles/PMC12774663 | AC66: https://www.uke.de | AD66: https://openalex.org/A5112007153 | AF66: 发送前需在机构官网复核 | AG66: Universität Hamburg | German Climate Computing Centre | University Medical Center Hamburg-Eppendorf
A67: 63 | B67: =IF(T67>=95,"A-优先联系",IF(T67>=85,"B-重点关注","C-补充候选")) -> B-重点关注 | C67: Stefan Engelhardt | D67: Munich | E67: Technical University of Munich / Helmholtz Munich | F67: 已核验（OpenAlex德国机构） | G67: 成熟/资深PI | H67: 临床转化/治疗 | I67: Stefan.engelhardt@tum.de | J67: 中（近期论文通讯邮箱） | K67: 2023 | L67: Non-coding RNA and oligonucleotide therapeutics | M67: cardiovascular disease | N67: 高 | O67: 5 | P67: 5 | Q67: 1 | R67: 2 | S67: =O67*7+P67*7+Q67*10+R67*5 -> 90 | T67: =MIN(100,S67+IF(G67="青年/新组机会",5,0)) -> 90 | U67: Allele-specific genomics decodes gene targets and mechanisms of the non-coding genome | V67: Nucleic Acids Research | W67: 2025 | X67: 15 | Y67: 2025 | Z67: https://doi.org/10.1093/nar/gkaf912 | AA67: https://academic.oup.com/nar/pages/about | AB67: https://europepmc.org/articles/PMC10382532 | AD67: https://openalex.org/A5073084904 | AE67: https://orcid.org/0000-0001-5378-8661 | AF67: 发送前需在机构官网复核 | AG67: Heidelberg University | University Hospital Heidelberg | German Centre for Cardiovascular Research | Technical University of Munich
A68: 64 | B68: =IF(T68>=95,"A-优先联系",IF(T68>=85,"B-重点关注","C-补充候选")) -> B-重点关注 | C68: Stefan Huttelmaier | D68: Halle | E68: Martin Luther University Halle-Wittenberg | F68: 已核验（OpenAlex德国机构） | G68: 成熟/资深PI | H68: RNA机制实验 | I68: stefan.huettelmaier@medizin.uni-halle.de | J68: 中（近期论文通讯邮箱） | K68: 2026 | L68: RNA-binding proteins and post-transcriptional cancer biology | M68: cancer progression and biomarkers | N68: 高 | O68: 5 | P68: 5 | Q68: 1 | R68: 2 | S68: =O68*7+P68*7+Q68*10+R68*5 -> 90 | T68: =MIN(100,S68+IF(G68="青年/新组机会",5,0)) -> 90 | U68: Lineage-restricted dependency on an oncofetal SNHG29-IGF2BP1 RNA axis in acute megakaryoblastic leukemia | V68: Leukemia | W68: 2026 | X68: 13.4 | Y68: 2024 | Z68: https://doi.org/10.1038/s41375-026-03040-y | AA68: https://www.nature.com/leu/journal-impact | AB68: https://europepmc.org/articles/PMC13029781 | AD68: https://openalex.org/A5065864748 | AE68: https://orcid.org/0000-0001-9335-4227 | AF68: 发送前需在机构官网复核 | AG68: Martin Luther University Halle-Wittenberg
A69: 65 | B69: =IF(T69>=95,"A-优先联系",IF(T69>=85,"B-重点关注","C-补充候选")) -> B-重点关注 | C69: Stefanie Dimmeler | D69: Frankfurt | E69: Goethe University Frankfurt | F69: 已核验（德国机构+官网来源） | G69: 成熟/资深PI | H69: RNA机制实验 | I69: dimmeler@em.uni-frankfurt.de | J69: 中（近期论文通讯邮箱） | K69: 2026 | L69: Non-coding RNA and cardiovascular regeneration | M69: cardiovascular disease | N69: 高 | O69: 5 | P69: 5 | Q69: 1 | R69: 2 | S69: =O69*7+P69*7+Q69*10+R69*5 -> 90 | T69: =MIN(100,S69+IF(G69="青年/新组机会",5,0)) -> 90 | U69: Translation of genomics into routine cardiological practice: insights from a European Society of Cardiology Cardiovascular Round Table | V69: European Heart Journal | W69: 2025 | X69: 35.6 | Y69: 2024 | Z69: https://doi.org/10.1093/eurheartj/ehaf041 | AA69: https://academic.oup.com/eurheartj/pages/about | AB69: https://europepmc.org/articles/PMC12811516 | AC69: https://www.cardiopulmonary-institute.de | AD69: https://openalex.org/A5025706940 | AE69: https://orcid.org/0000-0002-1045-2436 | AF69: 发送前需在机构官网复核 | AG69: Goethe University Frankfurt | Goethe-Institute United Kingdom | Frankfurt Institute for Advanced Studies | German Centre for Cardiovascular Research | Cardiopulmonary Research Science and Technology Institute | Cardio-Pulmonary Institute
A70: 66 | B70: =IF(T70>=95,"A-优先联系",IF(T70>=85,"B-重点关注","C-补充候选")) -> B-重点关注 | C70: Sven Danckwardt | D70: Mainz | E70: University Medical Center Mainz | F70: 已核验（OpenAlex德国机构） | G70: 成熟/资深PI | H70: 临床转化/治疗 | I70: Sven.Danckwardt@unimedizin-mainz.de | J70: 中（近期论文通讯邮箱） | K70: 2023 | L70: Post-transcriptional RNA regulation and RNA therapeutics | M70: inflammation, vascular disease and cancer | N70: 高 | O70: 5 | P70: 5 | Q70: 1 | R70: 2 | S70: =O70*7+P70*7+Q70*10+R70*5 -> 90 | T70: =MIN(100,S70+IF(G70="青年/新组机会",5,0)) -> 90 | U70: TREND-DB—a transcriptome-wide atlas of the dynamic landscape of alternative polyadenylation | V70: Nucleic Acids Research | W70: 2020 | X70: 15 | Y70: 2025 | Z70: https://doi.org/10.1093/nar/gkaa722 | AA70: https://academic.oup.com/nar/pages/about | AB70: https://europepmc.org/articles/PMC10325701 | AD70: https://openalex.org/A5033188383 | AE70: https://orcid.org/0000-0002-3176-2265 | AF70: 发送前需在机构官网复核 | AG70: Universität Ulm | Johannes Gutenberg University Mainz | University Medical Center of the Johannes Gutenberg University Mainz | University Hospital Ulm
A71: 67 | B71: =IF(T71>=95,"A-优先联系",IF(T71>=85,"B-重点关注","C-补充候选")) -> B-重点关注 | C71: Thomas Rudel | D71: Würzburg | E71: University of Wurzburg | F71: 已核验（德国机构+官网来源） | G71: 成熟/资深PI | H71: 感染与RNA | I71: thomas.rudel@uni-wuerzburg.de | J71: 中（近期论文通讯邮箱） | K71: 2026 | L71: Host-pathogen transcriptomics and regulatory RNA | M71: bacterial infection | N71: 高 | O71: 5 | P71: 5 | Q71: 1 | R71: 2 | S71: =O71*7+P71*7+Q71*10+R71*5 -> 90 | T71: =MIN(100,S71+IF(G71="青年/新组机会",5,0)) -> 90 | U71: Selective inhibition of miRNA processing by a herpesvirus-encoded miRNA | V71: Nature | W71: 2022 | X71: 48.5 | Y71: 2024 | Z71: https://doi.org/10.1038/s41586-022-04667-4 | AA71: https://www.nature.com/nature/journal-impact | AB71: https://europepmc.org/articles/PMC13183884 | AC71: https://www.helmholtz-hiri.de/fileadmin/HIRI/Research/RNA_Ecosystem/RNA_Faculty_Booklet_WS_2025_26_low.pdf | AD71: https://openalex.org/A5019230382 | AE71: https://orcid.org/0000-0003-4740-6991 | AF71: 发送前需在机构官网复核 | AG71: University of Würzburg
A72: 68 | B72: =IF(T72>=95,"A-优先联系",IF(T72>=85,"B-重点关注","C-补充候选")) -> B-重点关注 | C72: Tilman Borggrefe | D72: Giessen | E72: Justus Liebig University Giessen | F72: 已核验（德国机构+官网来源） | G72: 成熟/资深PI | H72: RNA机制实验 | I72: Tilman.Borggrefe@biochemie.med.uni-giessen.de | J72: 中（近期论文通讯邮箱） | K72: 2024 | L72: Alternative splicing and transcriptional regulation | M72: leukemia and immune disease | N72: 高 | O72: 5 | P72: 5 | Q72: 1 | R72: 2 | S72: =O72*7+P72*7+Q72*10+R72*5 -> 90 | T72: =MIN(100,S72+IF(G72="青年/新组机会",5,0)) -> 90 | U72: The H2A.Z and NuRD associated protein HMG20A controls early head and heart developmental transcription programs | V72: Nature Communications | W72: 2023 | X72: 18.1 | Y72: 2025 | Z72: https://doi.org/10.1038/s41467-023-36114-x | AA72: https://www.nature.com/ncomms/ncomms/journal-impact | AB72: https://europepmc.org/articles/PMC11649617 | AC72: https://www.uni-giessen.de | AD72: https://openalex.org/A5036409925 | AF72: 发送前需在机构官网复核 | AG72: Justus-Liebig-Universität Gießen
A73: 69 | B73: =IF(T73>=95,"A-优先联系",IF(T73>=85,"B-重点关注","C-补充候选")) -> B-重点关注 | C73: Tobias Schmid | D73: Frankfurt | E73: Goethe University Frankfurt | F73: 已核验（德国机构+官网来源） | G73: 成熟/资深PI | H73: RNA机制实验 | I73: t.schmid@biochem.uni-frankfurt.de | J73: 中（近期论文通讯邮箱） | K73: 2026 | L73: Post-transcriptional regulation and RNA stress responses | M73: inflammation and cancer | N73: 高 | O73: 5 | P73: 5 | Q73: 1 | R73: 2 | S73: =O73*7+P73*7+Q73*10+R73*5 -> 90 | T73: =MIN(100,S73+IF(G73="青年/新组机会",5,0)) -> 90 | U73: A high-resolution map of functional miR-181 response elements in the thymus reveals the role of coding sequence targeting and an alternative seed match | V73: Nucleic Acids Research | W73: 2024 | X73: 15 | Y73: 2025 | Z73: https://doi.org/10.1093/nar/gkae416 | AA73: https://academic.oup.com/nar/pages/about | AB73: https://europepmc.org/articles/PMC13298950 | AC73: https://www.uni-frankfurt.de | AD73: https://openalex.org/A5086646466 | AE73: https://orcid.org/0000-0002-1952-5259 | AF73: 发送前需在机构官网复核 | AG73: Goethe University Frankfurt | German Cancer Research Center | Heidelberg University | Frankfurt Cancer Institute | Deutsches Konsortium für Translationale Krebsforschung | École Polytechnique Fédérale de Lausanne
A74: 70 | B74: =IF(T74>=95,"A-优先联系",IF(T74>=85,"B-重点关注","C-补充候选")) -> B-重点关注 | C74: Tony Gutschner | D74: Halle | E74: Martin Luther University Halle-Wittenberg | F74: 已核验（OpenAlex德国机构） | G74: 成熟/资深PI | H74: RNA机制实验 | I74: tony.gutschner@uk-halle.de | J74: 中（近期论文通讯邮箱） | K74: 2026 | L74: Long non-coding RNA and functional cancer genomics | M74: cancer biomarkers and therapy | N74: 高 | O74: 5 | P74: 5 | Q74: 1 | R74: 2 | S74: =O74*7+P74*7+Q74*10+R74*5 -> 90 | T74: =MIN(100,S74+IF(G74="青年/新组机会",5,0)) -> 90 | U74: RAVER1 hinders lethal EMT and modulates miR/RISC activity by the control of alternative splicing | V74: Nucleic Acids Research | W74: 2024 | X74: 15 | Y74: 2025 | Z74: https://doi.org/10.1093/nar/gkae046 | AA74: https://academic.oup.com/nar/pages/about | AB74: https://europepmc.org/articles/PMC13170383 | AD74: https://openalex.org/A5063332455 | AE74: https://orcid.org/0000-0002-1722-3134 | AF74: 发送前需在机构官网复核 | AG74: Luther University | Martin Luther University Halle-Wittenberg
A75: 71 | B75: =IF(T75>=95,"A-优先联系",IF(T75>=85,"B-重点关注","C-补充候选")) -> B-重点关注 | C75: Veit Hornung | D75: Munich | E75: LMU Gene Center | F75: 已核验（德国机构+官网来源） | G75: 成熟/资深PI | H75: RNA机制实验 | I75: hornung@genzentrum.lmu.de | J75: 中（近期论文通讯邮箱） | K75: 2026 | L75: Innate sensing of RNA and nucleic acids | M75: infection, inflammation and immunotherapy | N75: 高 | O75: 5 | P75: 5 | Q75: 1 | R75: 2 | S75: =O75*7+P75*7+Q75*10+R75*5 -> 90 | T75: =MIN(100,S75+IF(G75="青年/新组机会",5,0)) -> 90 | U75: Pseudouridine RNA avoids immune detection through impaired endolysosomal processing and TLR engagement | V75: Cell | W75: 2025 | X75: 42.5 | Y75: 2024 | Z75: https://doi.org/10.1016/j.cell.2025.05.032 | AA75: https://www.cell.com/cell/home | AB75: https://europepmc.org/articles/PMC12956005 | AC75: https://www.genzentrum.uni-muenchen.de | AD75: https://openalex.org/A5016667606 | AE75: https://orcid.org/0000-0002-4150-194X | AF75: 发送前需在机构官网复核 | AG75: University of Massachusetts Chan Medical School | German Center for Pediatric and Adolescent Rheumatology | Gene Therapy Laboratory | Ludwig-Maximilians-Universität München
A76: 72 | B76: =IF(T76>=95,"A-优先联系",IF(T76>=85,"B-重点关注","C-补充候选")) -> B-重点关注 | C76: Wolfgang Huber | D76: Heidelberg | E76: EMBL Heidelberg | F76: 已核验（德国机构+官网来源） | G76: 成熟/资深PI | H76: 计算/单细胞 | I76: wolfgang.huber@embl.org | J76: 中（近期论文通讯邮箱） | K76: 2025 | L76: Statistical transcriptomics and single-cell genomics | M76: cancer and precision medicine | N76: 高 | O76: 5 | P76: 5 | Q76: 1 | R76: 2 | S76: =O76*7+P76*7+Q76*10+R76*5 -> 90 | T76: =MIN(100,S76+IF(G76="青年/新组机会",5,0)) -> 90 | U76: Unpaired data as a first-order challenge in single-cell and spatial proteomics | V76: Nature Biotechnology | W76: 2026 | X76: 33.1 | Y76: 2024 | Z76: https://doi.org/10.1038/s41587-026-03074-8 | AA76: https://www.nature.com/nbt/journal-impact | AB76: https://europepmc.org/articles/PMC11906359 | AC76: https://www.embl.org | AD76: https://openalex.org/A5029601108 | AE76: https://orcid.org/0000-0002-0474-2218 | AF76: 发送前需在机构官网复核 | AG76: European Molecular Biology Organization | European Molecular Biology Laboratory
A77: 73 | B77: =IF(T77>=95,"A-优先联系",IF(T77>=85,"B-重点关注","C-补充候选")) -> B-重点关注 | C77: Marina Rodnina | D77: Göttingen | E77: Max Planck Institute for Multidisciplinary Sciences | F77: 官网支持，数据库机构滞后—需复核 | G77: 成熟/资深PI | H77: 结构/化学生物学 | I77: rodnina@mpinat.mpg.de | J77: 中（近期论文通讯邮箱） | K77: 2025 | L77: Translation mechanisms, ribosome dynamics and fidelity | M77: translation disorders and antibiotics | N77: 高 | O77: 5 | P77: 5 | Q77: 1 | R77: 2 | S77: =O77*7+P77*7+Q77*10+R77*5 -> 90 | T77: =MIN(100,S77+IF(G77="青年/新组机会",5,0)) -> 90 | U77: Author Correction: Structural basis for translational control by the human 48S initiation complex | V77: Nature Structural & Molecular Biology | W77: 2026 | X77: 12.1 | Y77: 2024 | Z77: https://doi.org/10.1038/s41594-026-01777-9 | AA77: https://www.nature.com/nsmb/journal-impact | AB77: https://europepmc.org/articles/PMC13043293 | AC77: https://www.mpinat.mpg.de | AD77: https://openalex.org/A5028476493 | AE77: https://orcid.org/0000-0003-0105-3879 | AF77: 发送前需在机构官网复核；OpenAlex当前机构国家未直接匹配 | AG77: Max Planck Institute for Multidisciplinary Sciences
A78: 74 | B78: =IF(T78>=95,"A-优先联系",IF(T78>=85,"B-重点关注","C-补充候选")) -> B-重点关注 | C78: Irmtraud Meyer | D78: Berlin | E78: Max Delbruck Center | F78: 已核验（德国机构+官网来源） | G78: 成熟/资深PI | H78: 计算/单细胞 | I78: Irmtraud.Meyer@mdc-berlin.de | J78: 高（机构官网/官方名册） | K78: 2026 | L78: RNA structure bioinformatics and transcriptome regulation | M78: disease-related RNA regulation | N78: 中 | O78: 5 | P78: 3 | Q78: 2 | R78: 2 | S78: =O78*7+P78*7+Q78*10+R78*5 -> 86 | T78: =MIN(100,S78+IF(G78="青年/新组机会",5,0)) -> 86 | U78: <scp>DuplexDiscoverer</scp>: a computational method for the analysis of experimental duplex RNA–RNA interaction data | V78: Nucleic Acids Research | W78: 2025 | X78: 15 | Y78: 2025 | Z78: https://doi.org/10.1093/nar/gkaf266 | AA78: https://academic.oup.com/nar/pages/about | AB78: https://www.mdc-berlin.de/meyer | AC78: https://www.mdc-berlin.de/meyer | AD78: https://openalex.org/A5012564571 | AE78: https://orcid.org/0000-0002-4048-3479 | AF78: 发送前仍建议复核实验室官网 | AG78: Max Delbrück Center | Institute of Computer Science | Freie Universität Berlin
A79: 75 | B79: =IF(T79>=95,"A-优先联系",IF(T79>=85,"B-重点关注","C-补充候选")) -> C-补充候选 | C79: Marie-Luise Winz | D79: Mainz | E79: Johannes Gutenberg University Mainz | F79: 已核验（德国机构+官网来源） | G79: 青年/新组机会 | H79: RNA机制实验 | I79: mwinz@uni-mainz.de | J79: 中（近期论文通讯邮箱） | K79: 2026 | L79: Co-translational RNA quality control | M79: translation-associated disease mechanisms | N79: 中 | O79: 5 | P79: 3 | Q79: 1 | R79: 2 | S79: =O79*7+P79*7+Q79*10+R79*5 -> 76 | T79: =MIN(100,S79+IF(G79="青年/新组机会",5,0)) -> 81 | U79: Yeast elongation factor homolog New1 protects a subset of mRNAs from degradation by no-go decay | V79: Nucleic Acids Research | W79: 2026 | X79: 15 | Y79: 2025 | Z79: https://doi.org/10.1093/nar/gkag047 | AA79: https://academic.oup.com/nar/pages/about | AB79: https://europepmc.org/articles/PMC12852954 | AC79: https://www.imb.de/students-postdocs/international-phd-programme/ipp-groups/johannes-gutenberg-university-jgu-mainz | AD79: https://openalex.org/A5089009957 | AE79: https://orcid.org/0000-0003-0740-8618 | AF79: 发送前需在机构官网复核 | AG79: Johannes Gutenberg University Mainz
A80: 76 | B80: =IF(T80>=95,"A-优先联系",IF(T80>=85,"B-重点关注","C-补充候选")) -> C-补充候选 | C80: Eckart Meese | D80: Homburg | E80: Saarland University Hospital | F80: 已核验（OpenAlex德国机构） | G80: 成熟/资深PI | H80: 临床转化/治疗 | I80: laura.groeger@uks.eu | J80: 低（疑似合作者邮箱） | K80: 2026 | L80: miRNA and molecular biomarkers | M80: cancer diagnostics | N80: 高 | O80: 5 | P80: 5 | Q80: 0 | R80: 2 | S80: =O80*7+P80*7+Q80*10+R80*5 -> 80 | T80: =MIN(100,S80+IF(G80="青年/新组机会",5,0)) -> 80 | U80: A single-cell atlas to map sex-specific gene-expression changes in blood upon neurodegeneration | V80: Nature Communications | W80: 2025 | X80: 18.1 | Y80: 2025 | Z80: https://doi.org/10.1038/s41467-025-56833-7 | AA80: https://www.nature.com/ncomms/ncomms/journal-impact | AB80: https://europepmc.org/articles/PMC12928640 | AD80: https://openalex.org/A5054514348 | AE80: https://orcid.org/0000-0001-7569-819X | AF80: 邮箱与PI姓名不匹配，不建议直接使用 | AG80: Saarland University
A81: 77 | B81: =IF(T81>=95,"A-优先联系",IF(T81>=85,"B-重点关注","C-补充候选")) -> C-补充候选 | C81: Emmanuelle Charpentier | D81: Berlin | E81: Max Planck Unit for the Science of Pathogens | F81: 已核验（OpenAlex德国机构） | G81: 成熟/资深PI | H81: 感染与RNA | I81: research@emmanuelle-charpentier.org | J81: 低（疑似合作者邮箱） | K81: 2026 | L81: RNA-guided genome editing and bacterial RNA biology | M81: gene and cell therapy | N81: 高 | O81: 5 | P81: 5 | Q81: 0 | R81: 2 | S81: =O81*7+P81*7+Q81*10+R81*5 -> 80 | T81: =MIN(100,S81+IF(G81="青年/新组机会",5,0)) -> 80 | U81: Insights into spacer acquisition of the type V-A CRISPR–Cas system of <i>Francisella novicida</i> U112 | V81: Nucleic Acids Research | W81: 2026 | X81: 15 | Y81: 2025 | Z81: https://doi.org/10.1093/nar/gkag276 | AA81: https://academic.oup.com/nar/pages/about | AB81: https://europepmc.org/articles/PMC13034035 | AD81: https://openalex.org/A5074743574 | AE81: https://orcid.org/0000-0002-0254-0778 | AF81: 邮箱与PI姓名不匹配，不建议直接使用 | AG81: Humboldt-Universität zu Berlin | Max Planck Institute for the History of Science | Max Planck Unit for the Science of Pathogens | Charité - Universitätsmedizin Berlin
A82: 78 | B82: =IF(T82>=95,"A-优先联系",IF(T82>=85,"B-重点关注","C-补充候选")) -> C-补充候选 | C82: Alexander Heckel | D82: Frankfurt | E82: Goethe University Frankfurt | F82: 已核验（德国机构+官网来源） | G82: 成熟/资深PI | H82: 结构/化学生物学 | I82: heckel@uni-frankfurt.de | J82: 中（近期论文通讯邮箱） | K82: 2026 | L82: Chemical control and imaging of RNA | M82: RNA diagnostics and biotechnology | N82: 中 | O82: 5 | P82: 3 | Q82: 1 | R82: 2 | S82: =O82*7+P82*7+Q82*10+R82*5 -> 76 | T82: =MIN(100,S82+IF(G82="青年/新组机会",5,0)) -> 76 | U82: Neuronal processes contain the essential components for the late steps of ribosome biogenesis | V82: Proceedings of the National Academy of Sciences | W82: 2025 | X82: 9.4 | Y82: 2024 | Z82: https://doi.org/10.1073/pnas.2502424122 | AA82: https://www.pnas.org/about | AB82: https://europepmc.org/articles/PMC13098303 | AC82: https://www.uni-frankfurt.de | AD82: https://openalex.org/A5035608578 | AE82: https://orcid.org/0000-0003-3541-4548 | AF82: 发送前需在机构官网复核 | AG82: Goethe University Frankfurt | Frankfurt Institute for Advanced Studies
A83: 79 | B83: =IF(T83>=95,"A-优先联系",IF(T83>=85,"B-重点关注","C-补充候选")) -> C-补充候选 | C83: Benedikt Beckmann | D83: Berlin | E83: Freie Universitat Berlin | F83: 已核验（OpenAlex德国机构） | G83: 成熟/资深PI | H83: RNA机制实验 | I83: benedikt.beckmann@iri-lifesciences.de | J83: 中低（较早论文通讯邮箱） | K83: 2019 | L83: RNA-protein interactions and RNA interactomics | M83: infection and stress-response mechanisms | N83: 中 | O83: 5 | P83: 3 | Q83: 1 | R83: 2 | S83: =O83*7+P83*7+Q83*10+R83*5 -> 76 | T83: =MIN(100,S83+IF(G83="青年/新组机会",5,0)) -> 76 | U83: Giant magnetocaloric effect in a rare-earth-free layered coordination polymer at liquid hydrogen temperatures | V83: Nature Communications | W83: 2024 | X83: 18.1 | Y83: 2025 | Z83: https://doi.org/10.1038/s41467-024-52837-x | AA83: https://www.nature.com/ncomms/ncomms/journal-impact | AB83: https://europepmc.org/articles/PMC6511874 | AD83: https://openalex.org/A5015124424 | AE83: https://orcid.org/0000-0002-2232-1804 | AF83: 邮箱来源较早，必须复核；代表作标题未直接出现RNA关键词，研究方向仍属RNA范围 | AG83: Technische Universität Darmstadt
A84: 80 | B84: =IF(T84>=95,"A-优先联系",IF(T84>=85,"B-重点关注","C-补充候选")) -> C-补充候选 | C84: Christian Hammann | D84: Bremen | E84: Constructor University Bremen | F84: 已核验（德国机构+官网来源） | G84: 成熟/资深PI | H84: RNA机制实验 | I84: christian.hammann@health-and-medical-university.de | J84: 中（近期论文通讯邮箱） | K84: 2022 | L84: Ribozymes and catalytic RNA | M84: RNA biotechnology | N84: 中 | O84: 5 | P84: 3 | Q84: 1 | R84: 2 | S84: =O84*7+P84*7+Q84*10+R84*5 -> 76 | T84: =MIN(100,S84+IF(G84="青年/新组机会",5,0)) -> 76 | U84: Eukaryotic life without tQCUG: the role of Elongator-dependent tRNA modifications in Dictyostelium discoideum | V84: Nucleic Acids Research | W84: 2020 | X84: 15 | Y84: 2025 | Z84: https://doi.org/10.1093/nar/gkaa560 | AA84: https://academic.oup.com/nar/pages/about | AB84: https://europepmc.org/articles/PMC8817022 | AC84: https://constructor.university | AD84: https://openalex.org/A5044874280 | AE84: https://orcid.org/0000-0003-3528-179X | AF84: 发送前需在机构官网复核 | AG84: University of Potsdam
A85: 81 | B85: =IF(T85>=95,"A-优先联系",IF(T85>=85,"B-重点关注","C-补充候选")) -> C-补充候选 | C85: Claudia Hobartner | D85: Würzburg | E85: University of Wurzburg | F85: 已核验（OpenAlex德国机构） | G85: 成熟/资深PI | H85: RNA机制实验 | I85: claudia.hoebartner@uni-wuerzburg.de | J85: 中（近期论文通讯邮箱） | K85: 2025 | L85: RNA chemistry, RNA modification and editing | M85: RNA diagnostics and therapeutics | N85: 中 | O85: 5 | P85: 3 | Q85: 1 | R85: 2 | S85: =O85*7+P85*7+Q85*10+R85*5 -> 76 | T85: =MIN(100,S85+IF(G85="青年/新组机会",5,0)) -> 76 | U85: 2′-O-methylation-dependent installation of N2-methylguanosine in the U6 internal stem loop facilitates efficient spliceosome assembly | V85: Nature Communications | W85: 2026 | X85: 18.1 | Y85: 2025 | Z85: https://doi.org/10.1038/s41467-026-72355-2 | AA85: https://www.nature.com/ncomms/ncomms/journal-impact | AB85: https://europepmc.org/articles/PMC12184302 | AD85: https://openalex.org/A5021290270 | AE85: https://orcid.org/0000-0002-4548-2299 | AF85: 发送前需在机构官网复核 | AG85: University of Würzburg
A86: 82 | B86: =IF(T86>=95,"A-优先联系",IF(T86>=85,"B-重点关注","C-补充候选")) -> C-补充候选 | C86: Dierk Niessing | D86: Ulm | E86: Ulm University / Helmholtz Munich | F86: 已核验（德国机构+官网来源） | G86: 成熟/资深PI | H86: 结构/化学生物学 | I86: dierk.niessing@uni-ulm.de | J86: 中（近期论文通讯邮箱） | K86: 2026 | L86: mRNA localization and structural RNA biology | M86: neurological and developmental disease | N86: 中 | O86: 5 | P86: 3 | Q86: 1 | R86: 2 | S86: =O86*7+P86*7+Q86*10+R86*5 -> 76 | T86: =MIN(100,S86+IF(G86="青年/新组机会",5,0)) -> 76 | U86: The yeast phosphofructokinase β-subunit has RNA unwinding activity and modulates cell cycle progression | V86: Nucleic Acids Research | W86: 2026 | X86: 15 | Y86: 2025 | Z86: https://doi.org/10.1093/nar/gkag184 | AA86: https://academic.oup.com/nar/pages/about | AB86: https://europepmc.org/articles/PMC13251743 | AC86: https://www.helmholtz-munich.de | AD86: https://openalex.org/A5060682129 | AE86: https://orcid.org/0000-0002-5589-369X | AF86: 发送前需在机构官网复核 | AG86: Universität Ulm | Helmholtz Zentrum München
A87: 83 | B87: =IF(T87>=95,"A-优先联系",IF(T87>=85,"B-重点关注","C-补充候选")) -> C-补充候选 | C87: Elena Conti | D87: Munich | E87: Max Planck Institute of Biochemistry | F87: 已核验（德国机构+官网来源） | G87: 成熟/资深PI | H87: 结构/化学生物学 | I87: elena.conti@systbot.uzh.ch | J87: 中（近期论文通讯邮箱） | K87: 2026 | L87: RNA decay, RNA transport and structural RNA biology | M87: RNA quality-control disorders | N87: 中 | O87: 5 | P87: 3 | Q87: 1 | R87: 2 | S87: =O87*7+P87*7+Q87*10+R87*5 -> 76 | T87: =MIN(100,S87+IF(G87="青年/新组机会",5,0)) -> 76 | U87: Direct coupling of the human nuclear exosome adaptors NEXT and PAXT with transcription termination and processing machineries | V87: Nucleic Acids Research | W87: 2026 | X87: 15 | Y87: 2025 | Z87: https://doi.org/10.1093/nar/gkag088 | AA87: https://academic.oup.com/nar/pages/about | AB87: https://europepmc.org/articles/PMC13251838 | AC87: https://www.biochem.mpg.de/conti | AD87: https://openalex.org/A5124137115 | AF87: 发送前需在机构官网复核 | AG87: Max Planck Institute of Biochemistry
A88: 84 | B88: =IF(T88>=95,"A-优先联系",IF(T88>=85,"B-重点关注","C-补充候选")) -> C-补充候选 | C88: Gunter Meister | D88: Regensburg | E88: University of Regensburg | F88: 已核验（OpenAlex德国机构） | G88: 成熟/资深PI | H88: RNA机制实验 | I88: gunter.meister@ur.de | J88: 中（近期论文通讯邮箱） | K88: 2024 | L88: miRNA and RNA silencing | M88: cancer and viral disease | N88: 中 | O88: 5 | P88: 3 | Q88: 1 | R88: 2 | S88: =O88*7+P88*7+Q88*10+R88*5 -> 76 | T88: =MIN(100,S88+IF(G88="青年/新组机会",5,0)) -> 76 | U88: Cytoplasmic DIS3 is an exosome-independent endoribonuclease with catalytic activity toward circular RNAs | V88: Cell Reports | W88: 2025 | X88: 7.5 | Y88: 2024 | Z88: https://doi.org/10.1016/j.celrep.2025.115769 | AA88: https://www.cell.com/cell-reports/home | AB88: https://europepmc.org/articles/PMC11612968 | AD88: https://openalex.org/A5058056443 | AE88: https://orcid.org/0000-0002-2098-9923 | AF88: 发送前需在机构官网复核 | AG88: University of Regensburg
A89: 85 | B89: =IF(T89>=95,"A-优先联系",IF(T89>=85,"B-重点关注","C-补充候选")) -> C-补充候选 | C89: Harald Schwalbe | D89: Frankfurt | E89: Goethe University Frankfurt | F89: 已核验（德国机构+官网来源） | G89: 成熟/资深PI | H89: 结构/化学生物学 | I89: schwalbe@nmr.uni-frankfurt.de | J89: 中（近期论文通讯邮箱） | K89: 2026 | L89: RNA structure, dynamics and NMR | M89: RNA-targeted drug discovery | N89: 中 | O89: 5 | P89: 3 | Q89: 1 | R89: 2 | S89: =O89*7+P89*7+Q89*10+R89*5 -> 76 | T89: =MIN(100,S89+IF(G89="青年/新组机会",5,0)) -> 76 | U89: The 5′-terminal stem–loop RNA element of SARS-CoV-2 features highly dynamic structural elements that are sensitive to differences in cellular pH | V89: Nucleic Acids Research | W89: 2024 | X89: 15 | Y89: 2025 | Z89: https://doi.org/10.1093/nar/gkae477 | AA89: https://academic.oup.com/nar/pages/about | AB89: https://europepmc.org/articles/PMC13097084 | AC89: https://www.uni-frankfurt.de | AD89: https://openalex.org/A5032564649 | AE89: https://orcid.org/0000-0001-5693-7909 | AF89: 发送前需在机构官网复核 | AG89: Goethe University Frankfurt | Goethe-Institute United Kingdom | Max Planck Institute for Brain Research | St. John's College
A90: 86 | B90: =IF(T90>=95,"A-优先联系",IF(T90>=85,"B-重点关注","C-补充候选")) -> C-补充候选 | C90: Henning Urlaub | D90: Göttingen | E90: Max Planck Institute for Multidisciplinary Sciences | F90: 已核验（德国机构+官网来源） | G90: 成熟/资深PI | H90: RNA机制实验 | I90: henning.urlaub@mpinat.mpg.de | J90: 中（近期论文通讯邮箱） | K90: 2025 | L90: RNA-protein interactomics and spliceosome proteomics | M90: RNA-processing disease | N90: 中 | O90: 5 | P90: 3 | Q90: 1 | R90: 2 | S90: =O90*7+P90*7+Q90*10+R90*5 -> 76 | T90: =MIN(100,S90+IF(G90="青年/新组机会",5,0)) -> 76 | U90: Structural basis of Nipah virus RNA synthesis | V90: Nature Communications | W90: 2025 | X90: 18.1 | Y90: 2025 | Z90: https://doi.org/10.1038/s41467-025-57219-5 | AA90: https://www.nature.com/ncomms/ncomms/journal-impact | AB90: https://europepmc.org/articles/PMC12359043 | AC90: https://www.mpinat.mpg.de | AD90: https://openalex.org/A5089006758 | AE90: https://orcid.org/0000-0003-1837-5233 | AF90: 发送前需在机构官网复核 | AG90: Bioanalytica (Switzerland) | Universitätsmedizin Göttingen | Nanoscale Microscopy and Molecular Physiology of the Brain Cluster of Excellence 171 — DFG Research Center 103 | Max Planck Institute for Biophysical Chemistry | Tissue Dynamics (Israel) | Max Planck Institute for Multidisciplinary Sciences | University of Göttingen
A91: 87 | B91: =IF(T91>=95,"A-优先联系",IF(T91>=85,"B-重点关注","C-补充候选")) -> C-补充候选 | C91: Holger Stark | D91: Göttingen | E91: Max Planck Institute for Multidisciplinary Sciences | F91: 已核验（德国机构+官网来源） | G91: 成熟/资深PI | H91: 结构/化学生物学 | I91: stark@hhu.de | J91: 中（近期论文通讯邮箱） | K91: 2026 | L91: Structural biology of spliceosomes and ribosomes | M91: RNA processing mechanisms | N91: 中 | O91: 5 | P91: 3 | Q91: 1 | R91: 2 | S91: =O91*7+P91*7+Q91*10+R91*5 -> 76 | T91: =MIN(100,S91+IF(G91="青年/新组机会",5,0)) -> 76 | U91: Sphingolipid subtypes differentially control proinsulin processing and systemic glucose homeostasis | V91: Nature Cell Biology | W91: 2022 | X91: 17.3 | Y91: 2024 | Z91: https://doi.org/10.1038/s41556-022-01027-2 | AA91: https://www.nature.com/ncb/journal-impact | AB91: https://europepmc.org/articles/PMC12964414 | AC91: https://www.mpinat.mpg.de | AD91: https://openalex.org/A5102809674 | AE91: https://orcid.org/0000-0003-3336-1710 | AF91: 发送前需在机构官网复核；代表作标题未直接出现RNA关键词，研究方向仍属RNA范围 | AG91: Goethe University Frankfurt | Goethe-Institute United Kingdom | Heinrich Heine University Düsseldorf
A92: 88 | B92: =IF(T92>=95,"A-优先联系",IF(T92>=85,"B-重点关注","C-补充候选")) -> C-补充候选 | C92: Irmgard Sinning | D92: Heidelberg | E92: Heidelberg University | F92: 已核验（德国机构+官网来源） | G92: 成熟/资深PI | H92: 结构/化学生物学 | I92: irmi.sinning@bzh.uni-heidelberg.de | J92: 中（近期论文通讯邮箱） | K92: 2026 | L92: Ribosome-associated RNA and structural biology | M92: translation and protein-biogenesis disorders | N92: 中 | O92: 5 | P92: 3 | Q92: 1 | R92: 2 | S92: =O92*7+P92*7+Q92*10+R92*5 -> 76 | T92: =MIN(100,S92+IF(G92="青年/新组机会",5,0)) -> 76 | U92: NatA engages in multi-factor complexes at the ribosomal polypeptide tunnel exit | V92: Nature Communications | W92: 2026 | X92: 18.1 | Y92: 2025 | Z92: https://doi.org/10.1038/s41467-026-68787-5 | AA92: https://www.nature.com/ncomms/ncomms/journal-impact | AB92: https://europepmc.org/articles/PMC12830823 | AC92: https://bzh.db-engine.de/ | AD92: https://openalex.org/A5060010220 | AE92: https://orcid.org/0000-0001-9127-4477 | AF92: 发送前需在机构官网复核 | AG92: Heidelberg University
A93: 89 | B93: =IF(T93>=95,"A-优先联系",IF(T93>=85,"B-重点关注","C-补充候选")) -> C-补充候选 | C93: Jirka Peschek | D93: Heidelberg | E93: Heidelberg University | F93: 已核验（德国机构+官网来源） | G93: 成熟/资深PI | H93: RNA机制实验 | I93: jirka.peschek@bzh.uni-heidelberg.de | J93: 中（近期论文通讯邮箱） | K93: 2025 | L93: RNA processing, repair and quality control | M93: RNA damage and disease mechanisms | N93: 中 | O93: 5 | P93: 3 | Q93: 1 | R93: 2 | S93: =O93*7+P93*7+Q93*10+R93*5 -> 76 | T93: =MIN(100,S93+IF(G93="青年/新组机会",5,0)) -> 76 | U93: Structure of fungal tRNA ligase Trl1 with RNA reveals conserved substrate-binding principles | V93: Nature Structural & Molecular Biology | W93: 2025 | X93: 12.1 | Y93: 2024 | Z93: https://doi.org/10.1038/s41594-025-01589-3 | AA93: https://www.nature.com/nsmb/journal-impact | AB93: https://europepmc.org/articles/PMC12621585 | AC93: https://bzh.db-engine.de/ | AD93: https://openalex.org/A5029865848 | AE93: https://orcid.org/0000-0001-8158-9301 | AF93: 发送前需在机构官网复核 | AG93: Heidelberg University | Heidelberg University of Education | Heidelberg Engineering (Germany) | Heidelberg University
A94: 90 | B94: =IF(T94>=95,"A-优先联系",IF(T94>=85,"B-重点关注","C-补充候选")) -> C-补充候选 | C94: Mandy Jeske | D94: Heidelberg | E94: Heidelberg University | F94: 已核验（德国机构+官网来源） | G94: 成熟/资深PI | H94: RNA机制实验 | I94: jeske@bzh.uni-heidelberg.de | J94: 中（近期论文通讯邮箱） | K94: 2025 | L94: piRNA biogenesis and germline RNA | M94: reproductive and developmental disease | N94: 中 | O94: 5 | P94: 3 | Q94: 1 | R94: 2 | S94: =O94*7+P94*7+Q94*10+R94*5 -> 76 | T94: =MIN(100,S94+IF(G94="青年/新组机会",5,0)) -> 76 | U94: Recurrent innovation of protein-protein interactions in the Drosophila piRNA pathway | V94: The EMBO Journal | W94: 2025 | X94: 9.4 | Y94: 2024 | Z94: https://doi.org/10.1038/s44318-025-00439-8 | AA94: https://www.embopress.org/journal/14602075 | AB94: https://europepmc.org/articles/PMC12685051 | AC94: https://bzh.db-engine.de/ | AD94: https://openalex.org/A5062439581 | AE94: https://orcid.org/0000-0002-1107-9442 | AF94: 发送前需在机构官网复核 | AG94: Heidelberg University | Heidelberg University of Education | Heidelberg University
A95: 91 | B95: =IF(T95>=95,"A-优先联系",IF(T95>=85,"B-重点关注","C-补充候选")) -> C-补充候选 | C95: Markus Landthaler | D95: Berlin | E95: Max Delbruck Center | F95: 已核验（OpenAlex德国机构） | G95: 成熟/资深PI | H95: RNA机制实验 | I95: markus.landthaler@mdc-berlin.de | J95: 中（近期论文通讯邮箱） | K95: 2024 | L95: Post-transcriptional gene regulation and RNA-binding proteins | M95: human disease mechanisms | N95: 中 | O95: 5 | P95: 3 | Q95: 1 | R95: 2 | S95: =O95*7+P95*7+Q95*10+R95*5 -> 76 | T95: =MIN(100,S95+IF(G95="青年/新组机会",5,0)) -> 76 | U95: Herpesviruses mimic zygotic genome activation to promote viral replication | V95: Nature Communications | W95: 2025 | X95: 18.1 | Y95: 2025 | Z95: https://doi.org/10.1038/s41467-025-55928-5 | AA95: https://www.nature.com/ncomms/ncomms/journal-impact | AB95: https://europepmc.org/articles/PMC11611909 | AD95: https://openalex.org/A5052259098 | AE95: https://orcid.org/0000-0002-1075-8734 | AF95: 发送前需在机构官网复核 | AG95: Max Delbrück Center | Humboldt-Universität zu Berlin
A96: 92 | B96: =IF(T96>=95,"A-优先联系",IF(T96>=85,"B-重点关注","C-补充候选")) -> C-补充候选 | C96: Matthias Hentze | D96: Heidelberg | E96: EMBL Heidelberg | F96: 已核验（OpenAlex德国机构） | G96: 成熟/资深PI | H96: RNA机制实验 | I96: hentze@embl.org | J96: 中（近期论文通讯邮箱） | K96: 2026 | L96: RNA metabolism and RNA-binding proteins | M96: cancer and metabolic disease | N96: 中 | O96: 5 | P96: 3 | Q96: 1 | R96: 2 | S96: =O96*7+P96*7+Q96*10+R96*5 -> 76 | T96: =MIN(100,S96+IF(G96="青年/新组机会",5,0)) -> 76 | U96: Signal or noise? RNA-binding proteins and the challenges of binding site assignments | V96: Nucleic Acids Research | W96: 2026 | X96: 15 | Y96: 2025 | Z96: https://doi.org/10.1093/nar/gkag452 | AA96: https://academic.oup.com/nar/pages/about | AB96: https://europepmc.org/articles/PMC13191282 | AD96: https://openalex.org/A5000270755 | AE96: https://orcid.org/0000-0002-4023-7876 | AF96: 发送前需在机构官网复核 | AG96: European Bioinformatics Institute | Heidelberg University | European Molecular Biology Laboratory | European Molecular Biology Laboratory
A97: 93 | B97: =IF(T97>=95,"A-优先联系",IF(T97>=85,"B-重点关注","C-补充候选")) -> C-补充候选 | C97: Matthias Selbach | D97: Berlin | E97: Max Delbruck Center | F97: 已核验（德国机构+官网来源） | G97: 成熟/资深PI | H97: RNA机制实验 | I97: matthias.selbach@mdc-berlin.de | J97: 中（近期论文通讯邮箱） | K97: 2025 | L97: Translation control and RNA-protein regulation | M97: cancer and cellular disease mechanisms | N97: 中 | O97: 5 | P97: 3 | Q97: 1 | R97: 2 | S97: =O97*7+P97*7+Q97*10+R97*5 -> 76 | T97: =MIN(100,S97+IF(G97="青年/新组机会",5,0)) -> 76 | U97: Author Correction: A critical period of translational control during brain development at codon resolution | V97: Nature Structural & Molecular Biology | W97: 2025 | X97: 12.1 | Y97: 2024 | Z97: https://doi.org/10.1038/s41594-025-01675-6 | AA97: https://www.nature.com/nsmb/journal-impact | AB97: https://europepmc.org/articles/PMC12106795 | AC97: https://www.mdc-berlin.de | AD97: https://openalex.org/A5042757297 | AE97: https://orcid.org/0000-0003-2454-8751 | AF97: 发送前需在机构官网复核 | AG97: Max Delbrück Center | Charité - Universitätsmedizin Berlin
A98: 94 | B98: =IF(T98>=95,"A-优先联系",IF(T98>=85,"B-重点关注","C-补充候选")) -> C-补充候选 | C98: Michael Sattler | D98: Munich | E98: Helmholtz Munich / Technical University of Munich | F98: 已核验（OpenAlex德国机构） | G98: 成熟/资深PI | H98: 结构/化学生物学 | I98: michael.sattler@helmholtz-munich.de | J98: 中（近期论文通讯邮箱） | K98: 2025 | L98: RNA structure and RNA-protein complexes | M98: disease-associated RNA processing | N98: 中 | O98: 5 | P98: 3 | Q98: 1 | R98: 2 | S98: =O98*7+P98*7+Q98*10+R98*5 -> 76 | T98: =MIN(100,S98+IF(G98="青年/新组机会",5,0)) -> 76 | U98: Pseudouridine RNA avoids immune detection through impaired endolysosomal processing and TLR engagement | V98: Cell | W98: 2025 | X98: 42.5 | Y98: 2024 | Z98: https://doi.org/10.1016/j.cell.2025.05.032 | AA98: https://www.cell.com/cell/home | AB98: https://europepmc.org/articles/PMC12684335 | AD98: https://openalex.org/A5046686387 | AE98: https://orcid.org/0000-0002-1594-0527 | AF98: 发送前需在机构官网复核 | AG98: Centre National des Sciences et Technologies Nucléaires | Target (Germany) | Technical University of Munich
A99: 95 | B99: =IF(T99>=95,"A-优先联系",IF(T99>=85,"B-重点关注","C-补充候选")) -> C-补充候选 | C99: Patrick Cramer | D99: Göttingen | E99: Max Planck Institute for Multidisciplinary Sciences | F99: 已核验（OpenAlex德国机构） | G99: 成熟/资深PI | H99: RNA机制实验 | I99: patrick.cramer@mpinat.mpg.de | J99: 中（近期论文通讯邮箱） | K99: 2026 | L99: Transcription, RNA polymerase and gene regulation | M99: mechanistic basis of disease | N99: 中 | O99: 5 | P99: 3 | Q99: 1 | R99: 2 | S99: =O99*7+P99*7+Q99*10+R99*5 -> 76 | T99: =MIN(100,S99+IF(G99="青年/新组机会",5,0)) -> 76 | U99: Mechanism of co-transcriptional cap snatching by influenza polymerase | V99: Nature | W99: 2026 | X99: 48.5 | Y99: 2024 | Z99: https://doi.org/10.1038/s41586-026-10189-0 | AA99: https://www.nature.com/nature/journal-impact | AB99: https://europepmc.org/articles/PMC13128444 | AD99: https://openalex.org/A5008281609 | AE99: https://orcid.org/0000-0001-5454-7755 | AF99: 发送前需在机构官网复核 | AG99: Max Planck Institute of Molecular Plant Physiology
A100: 96 | B100: =IF(T100>=95,"A-优先联系",IF(T100>=85,"B-重点关注","C-补充候选")) -> C-补充候选 | C100: Ralf Ficner | D100: Göttingen | E100: University of Goettingen | F100: 已核验（德国机构+官网来源） | G100: 成熟/资深PI | H100: 结构/化学生物学 | I100: rficner@gwdg.de | J100: 中（近期论文通讯邮箱） | K100: 2025 | L100: Structural RNA biology and RNA modification enzymes | M100: RNA-processing mechanisms | N100: 中 | O100: 5 | P100: 3 | Q100: 1 | R100: 2 | S100: =O100*7+P100*7+Q100*10+R100*5 -> 76 | T100: =MIN(100,S100+IF(G100="青年/新组机会",5,0)) -> 76 | U100: Chemical crosslinking extends and complements UV crosslinking in analysis of RNA/DNA nucleic acid–protein interaction sites by mass spectrometry | V100: Nucleic Acids Research | W100: 2025 | X100: 15 | Y100: 2025 | Z100: https://doi.org/10.1093/nar/gkaf727 | AA100: https://academic.oup.com/nar/pages/about | AB100: https://europepmc.org/articles/PMC12312562 | AC100: https://www.uni-goettingen.de | AD100: https://openalex.org/A5089962199 | AE100: https://orcid.org/0000-0002-1739-6086 | AF100: 发送前需在机构官网复核 | AG100: University of Göttingen
A101: 97 | B101: =IF(T101>=95,"A-优先联系",IF(T101>=85,"B-重点关注","C-补充候选")) -> C-补充候选 | C101: Sabine Mueller | D101: Greifswald | E101: University of Greifswald | F101: 已核验（德国机构+官网来源） | G101: 成熟/资深PI | H101: 结构/化学生物学 | I101: sabine.mueller@ucsf.edu | J101: 中（近期论文通讯邮箱） | K101: 2025 | L101: RNA catalysis and chemical RNA biology | M101: RNA biotechnology | N101: 中 | O101: 5 | P101: 3 | Q101: 1 | R101: 2 | S101: =O101*7+P101*7+Q101*10+R101*5 -> 76 | T101: =MIN(100,S101+IF(G101="青年/新组机会",5,0)) -> 76 | U101: Author Correction: A joint international consensus statement for measuring quality of survival for patients with childhood cancer | V101: Nature Medicine | W101: 2024 | X101: 50 | Y101: 2024 | Z101: https://doi.org/10.1038/s41591-024-03065-9 | AA101: https://www.nature.com/nm/journal-impact | AB101: https://europepmc.org/articles/PMC13123679 | AC101: https://www.uni-greifswald.de | AD101: https://openalex.org/A5103236468 | AE101: https://orcid.org/0000-0002-8216-9357 | AF101: 发送前需在机构官网复核 | AG101: Miltenyi Biotec (Germany) | University of California, San Francisco | University Children's Hospital Zurich | University of San Francisco
...

Sheet 临床优先
A1: 临床转化优先（Top 50）
A2: 优先疾病机制、患者样本、诊断标志物、RNA/寡核苷酸治疗、递送、病毒与免疫转化研究；按联系可用性与整体匹配度排序。
A4: 总排名 | B4: PI姓名 | C4: 城市 | D4: 机构 | E4: 公开Email | F4: 邮箱可信度 | G4: 研究类型 | H4: RNA专注领域 | I4: 疾病/临床方向 | J4: 联系优先分 | K4: 代表性论文 | L4: 复核提示
A5: 1 | B5: Antoine-Emmanuel Saliba | C5: Würzburg | D5: Helmholtz Institute for RNA-based Infection Research | E5: emmanuel.saliba@helmholtz-hiri.de | F5: 高（机构官网/官方名册） | G5: 感染与RNA | H5: Single-cell RNA analysis of host-pathogen interactions | I5: infectious disease and immune response | J5: 100 | K5: Respiratory syncytial viral load drives ciliated cell dedifferentiation and suppresses antiviral immunity | L5: 发送前仍建议复核实验室官网
A6: 2 | B6: Carmen Aguilar | C6: Würzburg | D6: University of Wurzburg | E6: carmen.aguilar@uni-wuerzburg.de | F6: 高（机构官网/官方名册） | G6: 感染与RNA | H6: Host miRNA and single-cell RNA-seq in infection | I6: urinary tract and bacterial infection | J6: 100 | K6: Reprogramming of microRNA expression via E2F1 downregulation promotes Salmonella infection both in infected and bystander cells | L6: 发送前仍建议复核实验室官网
A7: 3 | B7: Dimitrios Papadopoulos | C7: Würzburg | D7: University of Wurzburg | E7: dimitrios.papadopoulos@uni-wuerzburg.de | F7: 高（机构官网/官方名册） | G7: RNA机制实验 | H7: Transcription and RNA-associated cancer dependencies | I7: cancer | J7: 100 | K7: The MYCN oncoprotein is an RNA-binding accessory factor of the nuclear exosome targeting complex | L7: 发送前仍建议复核实验室官网
A8: 4 | B8: Dominic Gruen | C8: Würzburg | D8: University of Wurzburg | E8: dominic.gruen@uni-wuerzburg.de | F8: 高（机构官网/官方名册） | G8: 计算/单细胞 | H8: Single-cell and spatial transcriptomics | I8: immune differentiation, disease and tissue damage | J8: 100 | K8: PS-032-Impact of antigen recognition on memory-like HCV-specific CD8+ T-cells | L8: 发送前仍建议复核实验室官网；代表作标题未直接出现RNA关键词，研究方向仍属RNA范围
A9: 5 | B9: Franziska Faber | C9: Würzburg | D9: University of Wurzburg / HIRI | E9: franziska.faber@uni-wuerzburg.de | F9: 高（机构官网/官方名册） | G9: 感染与RNA | H9: Bacterial RNA regulation and virulence | I9: Clostridioides difficile infection and microbiota | J9: 100 | K9: The global RNA-binding protein RbpB is a regulator of polysaccharide utilization in Bacteroides thetaiotaomicron | L9: 发送前仍建议复核实验室官网
A10: 6 | B10: Jonathan Bohlen | C10: Munich | D10: LMU Gene Center | E10: j.bohlen@lmu.de | F10: 高（机构官网/官方名册） | G10: RNA机制实验 | H10: mRNA translation and tRNA biology in human immunity | I10: immunodeficiency and autoinflammatory disease | J10: 100 | K10: Autoantibodies against type I IFNs in humans with alternative NF-κB pathway deficiency | L10: 发送前仍建议复核实验室官网
A11: 7 | B11: Julian Stingele | C11: Munich | D11: LMU Gene Center | E11: julian.stingele@lmu.de | F11: 高（机构官网/官方名册） | G11: RNA机制实验 | H11: RNA damage and RNA-protein crosslink repair | I11: cancer and ageing | J11: 100 | K11: Cellular responses to RNA damage | L11: 发送前仍建议复核实验室官网
A12: 8 | B12: Kathi Zarnack | C12: Würzburg | D12: University of Wurzburg | E12: kathi.zarnack@uni-wuerzburg.de | F12: 高（机构官网/官方名册） | G12: 计算/单细胞 | H12: Bioinformatics of RNA regulation, splicing and RNA decay | I12: cancer and human disease | J12: 100 | K12: An atlas of RNA-dependent proteins in cell division reveals the riboregulation of mitotic protein-protein interactions | L12: 发送前仍建议复核实验室官网
A13: 9 | B13: Lorenz Meinel | C13: Würzburg | D13: University of Wurzburg | E13: lorenz.meinel@uni-wuerzburg.de | F13: 高（机构官网/官方名册） | G13: 临床转化/治疗 | H13: RNA delivery, biomaterials and pharmaceutics | I13: RNA therapeutics and drug delivery | J13: 100 | K13: Diagnosing peri-implant disease using the tongue as a 24/7 detector | L13: 发送前仍建议复核实验室官网；代表作标题未直接出现RNA关键词，研究方向仍属RNA范围
A14: 10 | B14: Manja Marz | C14: Jena | D14: Friedrich Schiller University Jena | E14: manja@uni-jena.de | F14: 高（机构官网/官方名册） | G14: 感染与RNA | H14: RNA bioinformatics and virus transcriptomics | I14: viral infection and diagnostics | J14: 100 | K14: VirJenDB: a FAIR (meta)data and bioinformatics platform for all viruses | L14: 发送前仍建议复核实验室官网
A15: 11 | B15: Marina Chekulaeva | C15: Berlin | D15: Max Delbruck Center | E15: marina.chekulaeva@mdc-berlin.de | F15: 高（机构官网/官方名册） | G15: RNA机制实验 | H15: Local RNA metabolism, translation and neuronal RNA | I15: ALS and neurodegeneration | J15: 100 | K15: Mechanistic insights into the basis of widespread RNA localization | L15: 发送前仍建议复核实验室官网
A16: 12 | B16: Roland Beckmann | C16: Munich | D16: LMU Gene Center | E16: r.beckmann@lmu.de | F16: 高（机构官网/官方名册） | G16: 结构/化学生物学 | H16: Ribosome structure, mRNA surveillance and translation quality control | I16: ribosomopathies and translation disorders | J16: 100 | K16: Sni445 recruits box C/D snoRNPs snR4 and snR45 to guide ribosomal RNA acetylation by Kre33 | L16: 发送前仍建议复核实验室官网
... A54: 51 | B54: Mirka Uhlirova | C54: Cologne | D54: University of Cologne | E54: mirka.uhlirova@uni-koeln.de | F54: 中（近期论文通讯邮箱） | G54: RNA机制实验 | H54: Non-coding RNA and stress-response gene regulation | I54: cancer and inflammation | J54: 90 | K54: Xrp1 governs the stress response program to spliceosome dysfunction | L54: 发送前需在机构官网复核

Sheet 青年新组
A1: 青年/新组机会（9 位）
A2: 独立时间较短或官方资料明确标为Junior/Emmy Noether/新组长；通常课题参与空间更大，但经费与团队规模需要逐一确认。
A4: 总排名 | B4: PI姓名 | C4: 城市 | D4: 机构 | E4: 公开Email | F4: RNA专注领域 | G4: 疾病方向 | H4: 联系优先分 | I4: 代表性论文 | J4: 官方/来源页面 | K4: 注意事项
A5: 2 | B5: Carmen Aguilar | C5: Würzburg | D5: University of Wurzburg | E5: carmen.aguilar@uni-wuerzburg.de | F5: Host miRNA and single-cell RNA-seq in infection | G5: urinary tract and bacterial infection | H5: 100 | I5: Reprogramming of microRNA expression via E2F1 downregulation promotes Salmonella infection both in infected and bystander cells | J5: https://www.helmholtz-hiri.de/fileadmin/HIRI/Research/RNA_Ecosystem/RNA_Faculty_Booklet_WS_2025_26_low.pdf | K5: 发送前仍建议复核实验室官网
A6: 3 | B6: Dimitrios Papadopoulos | C6: Würzburg | D6: University of Wurzburg | E6: dimitrios.papadopoulos@uni-wuerzburg.de | F6: Transcription and RNA-associated cancer dependencies | G6: cancer | H6: 100 | I6: The MYCN oncoprotein is an RNA-binding accessory factor of the nuclear exosome targeting complex | J6: https://www.helmholtz-hiri.de/fileadmin/HIRI/Research/RNA_Ecosystem/RNA_Faculty_Booklet_WS_2025_26_low.pdf | K6: 发送前仍建议复核实验室官网
A7: 6 | B7: Jonathan Bohlen | C7: Munich | D7: LMU Gene Center | E7: j.bohlen@lmu.de | F7: mRNA translation and tRNA biology in human immunity | G7: immunodeficiency and autoinflammatory disease | H7: 100 | I7: Autoantibodies against type I IFNs in humans with alternative NF-κB pathway deficiency | J7: https://www.genzentrum.uni-muenchen.de/research-groups/bohlen/index.html | K7: 发送前仍建议复核实验室官网
A8: 13 | B8: Simone Backes | C8: Würzburg | D8: University of Wurzburg | E8: simone.backes@uni-wuerzburg.de | F8: RNA mechanisms in viral replication and host defense | G8: viral infection | H8: 100 | I8: Visualizing the transcription and replication of influenza A viral RNAs in cells by multiple direct RNA padlock probing and <i>in situ</i> sequencing (mudRapp-seq) | J8: https://www.helmholtz-hiri.de/fileadmin/HIRI/Research/RNA_Ecosystem/RNA_Faculty_Booklet_WS_2025_26_low.pdf | K8: 发送前仍建议复核实验室官网
A9: 15 | B9: Matthew Kraushar | C9: Berlin | D9: Charite University Medicine Berlin | E9: matthew.kraushar@molgen.mpg.de | F9: Local translation and RNA regulation in neurons | G9: neurodevelopment and neurological disease | H9: 95 | I9: Author Correction: A critical period of translational control during brain development at codon resolution | J9: https://www.rnasociety.org/salons/current-rna-salons/ | K9: 发送前需在机构官网复核
A10: 16 | B10: Petra Beli | C10: Mainz | D10: Institute of Molecular Biology Mainz | E10: p.beli@imb-mainz.de | F10: RNA damage responses and RNA-protein crosslinks | G10: cancer and ageing | H10: 95 | I10: The USP11/TCEAL1 complex promotes transcription elongation to sustain oncogenic gene expression in neuroblastoma | J10: https://imb.de/students-postdocs/international-phd-programme/apply-to-ipp/projects-offered | K10: 发送前需在机构官网复核
A11: 17 | B11: Katharina Papsdorf | C11: Mainz | D11: Institute of Molecular Biology Mainz | E11: katharina.papsdorf@tum.de | F11: RNA regulation and molecular mechanisms of ageing | G11: ageing and stress resilience | H11: 95 | I11: The CRTC-1 transcriptional domain is required for COMPASS complex-mediated longevity in C. elegans | J11: https://www.imb.de/ | K11: 邮箱来源较早，必须复核；OpenAlex当前机构国家未直接匹配
A12: 18 | B12: Irene Beusch | C12: Würzburg | D12: University of Wurzburg | E12: Irene.beusch@uni-wuerzburg.de | F12: Mechanisms and regulation of RNA splicing | G12: splicing dysregulation in human disease | H12: 91 | I12: A highly sensitive protein-RNA cross-linking mass spectrometry workflow with enhanced structural modeling potential | J12: https://www.helmholtz-hiri.de/fileadmin/HIRI/Research/RNA_Ecosystem/RNA_Faculty_Booklet_WS_2025_26_low.pdf | K12: 发送前仍建议复核实验室官网；OpenAlex当前机构国家未直接匹配
A13: 75 | B13: Marie-Luise Winz | C13: Mainz | D13: Johannes Gutenberg University Mainz | E13: mwinz@uni-mainz.de | F13: Co-translational RNA quality control | G13: translation-associated disease mechanisms | H13: 81 | I13: Yeast elongation factor homolog New1 protects a subset of mRNAs from degradation by no-go decay | J13: https://www.imb.de/students-postdocs/international-phd-programme/ipp-groups/johannes-gutenberg-university-jgu-mainz | K13: 发送前需在机构官网复核

Sheet 城市方向统计
A1: 德国候选覆盖与分布
A2: 统计来自最终合格候选；城市集中度可以帮助你结合生活成本、产业生态和合作网络规划申请批次。
A4: 核心指标 | B4: 数量 | D4: 城市 | E4: 候选数 | F4: 占比 | H4: 研究类型 | I4: 候选数
A5: 最终德国候选 | B5: =COUNTA(德国候选!$C$5:$C$108) -> 104 | D5: Würzburg | E5: =COUNTIF(德国候选!$D$5:$D$108,D5) -> 15 | F5: =E5/$B$5 -> 0.14423077 | H5: RNA机制实验 | I5: =COUNTIF(德国候选!$H$5:$H$108,H5) -> 49
A6: 有公开Email | B6: =COUNTIF(德国候选!$I$5:$I$108,"<>未找到") -> 103 | D6: Berlin | E6: =COUNTIF(德国候选!$D$5:$D$108,D6) -> 14 | F6: =E6/$B$5 -> 0.13461538 | H6: 感染与RNA | I6: =COUNTIF(德国候选!$H$5:$H$108,H6) -> 18
A7: 邮箱可信度中等或较高 | B7: =COUNTIF(德国候选!$Q$5:$Q$108,">0") -> 101 | D7: Heidelberg | E7: =COUNTIF(德国候选!$D$5:$D$108,D7) -> 12 | F7: =E7/$B$5 -> 0.11538462 | H7: 计算/单细胞 | I7: =COUNTIF(德国候选!$H$5:$H$108,H7) -> 14
A8: 临床相关性高 | B8: =COUNTIF(德国候选!$N$5:$N$108,"高") -> 74 | D8: Munich | E8: =COUNTIF(德国候选!$D$5:$D$108,D8) -> 10 | F8: =E8/$B$5 -> 0.096153846 | H8: 结构/化学生物学 | I8: =COUNTIF(德国候选!$H$5:$H$108,H8) -> 14
A9: 青年/新组机会 | B9: =COUNTIF(德国候选!$G$5:$G$108,"青年/新组机会") -> 9 | D9: Göttingen | E9: =COUNTIF(德国候选!$D$5:$D$108,D9) -> 10 | F9: =E9/$B$5 -> 0.096153846 | H9: 临床转化/治疗 | I9: =COUNTIF(德国候选!$H$5:$H$108,H9) -> 9
A10: 德国机构/官网证据 | B10: =COUNTIF(德国候选!$R$5:$R$108,"=2") -> 103 | D10: Mainz | E10: =COUNTIF(德国候选!$D$5:$D$108,D10) -> 7 | F10: =E10/$B$5 -> 0.067307692
A11: RNA标题直接匹配 | B11: 98 | D11: Bonn | E11: =COUNTIF(德国候选!$D$5:$D$108,D11) -> 4 | F11: =E11/$B$5 -> 0.038461538
D12: Frankfurt | E12: =COUNTIF(德国候选!$D$5:$D$108,D12) -> 4 | F12: =E12/$B$5 -> 0.038461538
D13: Cologne | E13: =COUNTIF(德国候选!$D$5:$D$108,D13) -> 3 | F13: =E13/$B$5 -> 0.028846154
D14: Giessen | E14: =COUNTIF(德国候选!$D$5:$D$108,D14) -> 3 | F14: =E14/$B$5 -> 0.028846154
D15: Jena | E15: =COUNTIF(德国候选!$D$5:$D$108,D15) -> 2 | F15: =E15/$B$5 -> 0.019230769
D16: Hamburg | E16: =COUNTIF(德国候选!$D$5:$D$108,D16) -> 2 | F16: =E16/$B$5 -> 0.019230769
D17: Regensburg | E17: =COUNTIF(德国候选!$D$5:$D$108,D17) -> 2 | F17: =E17/$B$5 -> 0.019230769
D18: Halle | E18: =COUNTIF(德国候选!$D$5:$D$108,D18) -> 2 | F18: =E18/$B$5 -> 0.019230769
D19: Münster | E19: =COUNTIF(德国候选!$D$5:$D$108,D19) -> 1 | F19: =E19/$B$5 -> 0.0096153846
D20: Saarbrücken | E20: =COUNTIF(德国候选!$D$5:$D$108,D20) -> 1 | F20: =E20/$B$5 -> 0.0096153846
D21: Darmstadt | E21: =COUNTIF(德国候选!$D$5:$D$108,D21) -> 1 | F21: =E21/$B$5 -> 0.0096153846
D22: Bochum | E22: =COUNTIF(德国候选!$D$5:$D$108,D22) -> 1 | F22: =E22/$B$5 -> 0.0096153846
D23: Tübingen | E23: =COUNTIF(德国候选!$D$5:$D$108,D23) -> 1 | F23: =E23/$B$5 -> 0.0096153846
... D32: Kiel | E32: =COUNTIF(德国候选!$D$5:$D$108,D32) -> 1 | F32: =E32/$B$5 -> 0.0096153846

Sheet 说明与方法
A1: 说明、筛选标准与申请建议
A2: 本表追求德国覆盖面，同时用证据和风险提示区分“可直接联系”与“需要进一步人工核验”的候选。
A4: 项目 | B4: 说明
A5: 候选范围 | B5: 从 129 位德国RNA相关独立PI/组长种子池中，保留 104 位有RNA相关代表作且所列期刊近期公开JIF>5的候选。
A6: 学术范围 | B6: RNA生物学、剪接/加工、RNA修饰、非编码RNA、翻译/核糖体、RNA病毒与感染、RNA治疗/诊断、RNA结构化学，以及以RNA为核心的单细胞/空间转录组。
A7: 临床优先 | B7: 标为高的方向通常涉及患者样本、疾病机制、诊断、RNA药物/递送、感染、免疫、癌症、心血管或神经退行疾病。基础机制组仍被纳入，但单独标注研究类型。
A8: 影响力门槛 | B8: 每位候选至少附一篇相关代表作和JIF来源。JIF会逐年变化，因此这里把它作为用户指定的最低筛选门槛，而不是实验室质量的唯一判断。
A9: 评分公式 | B9: 综合匹配分 = RNA匹配分×7 + 临床匹配分×7 + 联系可信分×10 + 证据质量分×5；明确的青年/新组机会在联系优先分中加5分并封顶100。
A10: 邮箱来源 | B10: 高：机构官网或2025–26官方RNA名册；中：近期论文通讯邮箱且与PI姓氏匹配；低：疑似合作者邮箱。无论级别，正式发送前都应在最新实验室官网复核。
A11: 机构状态 | B11: 优先使用OpenAlex最近机构国家与官方实验室/名册交叉验证。个别新近转岗者会出现数据库滞后，表中已明确标为需复核。
A12: 青年新组 | B12: 青年/新组工作表只包含官方资料明确标为Junior Group Leader、Emmy Noether或新近独立的候选；这不是对年龄的判断。
A13: 首轮策略 | B13: 先从临床优先表中按疾病方向选10–15位，再从青年新组表补5位；逐一阅读最近2–3篇论文、检查招聘页和经费，再发送定制邮件。
A14: 检索来源 | B14: OpenAlex、Europe PMC、期刊/出版方页面、机构实验室主页，以及Helmholtz HIRI 2025–26 Würzburg RNA Faculty官方名册。所有行保留可审计URL。
A15: 检索日期 | B15: 2026-07-22（Europe/Berlin）
